project;file;count
requery;./requery-test/src/test/java/io/requery/test/BenchmarkTest.java;2
crate;./benchmarks/src/test/java/io/crate/analyze/PreExecutionBenchmark.java;7
crate;./benchmarks/src/test/java/io/crate/data/join/RowsBatchIteratorBenchmark.java;7
crate;./benchmarks/src/test/java/io/crate/execution/engine/aggregation/AggregateCollectorBenchmark.java;1
crate;./benchmarks/src/test/java/io/crate/execution/engine/aggregation/GroupingBytesRefCollectorBenchmark.java;1
crate;./benchmarks/src/test/java/io/crate/execution/engine/aggregation/GroupingIntegerCollectorBenchmark.java;1
crate;./benchmarks/src/test/java/io/crate/execution/engine/collect/collectors/LuceneBatchIteratorBenchmark.java;1
crate;./benchmarks/src/test/java/io/crate/execution/engine/collect/collectors/OrderedLuceneBatchIteratorBenchmark.java;1
crate;./benchmarks/src/test/java/io/crate/execution/engine/distribution/merge/SortedPagingIteratorBenchmark.java;4
crate;./benchmarks/src/test/java/io/crate/execution/jobs/NodeOperationCtxBenchmark.java;1
crate;./benchmarks/src/test/java/io/crate/expression/scalar/SubstrFunctionBenchmark.java;2
crate;./benchmarks/src/test/java/io/crate/operation/aggregation/HyperLogLogDistinctAggregationBenchmark.java;3
crate;./benchmarks/src/test/java/io/crate/protocols/postgres/QueryStringSplitterBenchmark.java;2
crate;./benchmarks/src/test/java/io/crate/types/StringTypeTest.java;1
simple-binary-encoding;./sbe-benchmarks/src/main/java/uk/co/real_logic/sbe/CarBenchmark.java;2
simple-binary-encoding;./sbe-benchmarks/src/main/java/uk/co/real_logic/sbe/MarketDataBenchmark.java;2
btrace;./benchmark/src/main/java/com/sun/btrace/runtime/OnMethodTemplateBenchmark.java;3
btrace;./benchmark/src/main/java/net/java/btrace/BTraceBench.java;20
btrace;./benchmark/src/main/java/net/java/btrace/ClassFilterBenchmark.java;4
btrace;./benchmark/src/main/java/net/java/btrace/ProbeLoadingBenchmark.java;1
btrace;./benchmark/src/main/java/net/java/btrace/ProfilerBenchmarks.java;6
btrace;./benchmark/src/main/java/net/java/btrace/StatsdBenchmarks.java;1
btrace;./benchmark/src/main/java/net/java/btrace/StringOpBenchmarks.java;3
TinyPinyin;./lib/src/jmh/java/com/github/promeg/pinyinhelper/PinyinDictBenchmark1.java;2
TinyPinyin;./lib/src/jmh/java/com/github/promeg/pinyinhelper/PinyinDictBenchmark2.java;2
TinyPinyin;./lib/src/jmh/java/com/github/promeg/pinyinhelper/PinyinSampleBenchmark.java;4
blynk-server;./server/core/src/test/java/cc/blynk/test/utils/ByteBufPerfTest.java;2
blynk-server;./server/core/src/test/java/cc/blynk/test/utils/StringUtilPerfTest.java;12
blynk-server;./server/core/src/test/java/cc/blynk/test/utils/TokenPerfTest.java;2
cyclops-react;./cyclops/src/jmh/java/cyclops/reactiveSeq/Combinations.java;3
cyclops-react;./cyclops/src/jmh/java/cyclops/reactiveSeq/FindFirst.java;2
cyclops-react;./cyclops/src/jmh/java/cyclops/reactiveSeq/FlatMapCollect.java;3
cyclops-react;./cyclops/src/jmh/java/cyclops/reactiveSeq/FlatMapForEach.java;3
cyclops-react;./cyclops/src/jmh/java/cyclops/reactiveSeq/FlatMapLarge.java;2
cyclops-react;./cyclops/src/jmh/java/cyclops/reactiveSeq/Map.java;3
cyclops-react;./cyclops/src/jmh/java/cyclops/reactiveSeq/Map5.java;3
cyclops-react;./cyclops/src/jmh/java/cyclops/reactiveSeq/MapLarge.java;2
cyclops-react;./cyclops/src/jmh/java/scrabble/IdenticalToStream.java;1
cyclops-react;./cyclops/src/jmh/java/scrabble/IxScanLeftTakeRight.java;1
cyclops-react;./cyclops/src/jmh/java/scrabble/ScanLeftTakeRight.java;1
cyclops-react;./cyclops/src/jmh/java/scrabble/ShakespearePlaysScrabbleWithStreams.java;1
pcollections;./src/jmh/java/org/pcollections/benchmark/Benchmarks.java;14
artemis-odb;./artemis-core/artemis-performance-test/src/main/java/com/artemis/benchmark/InjectionBenchmark.java;1
spring-cloud-sleuth;./benchmarks/src/main/java/org/springframework/cloud/sleuth/benchmarks/jmh/benchmarks/AnnotationBenchmarks.java;2
spring-cloud-sleuth;./benchmarks/src/main/java/org/springframework/cloud/sleuth/benchmarks/jmh/benchmarks/AsyncBenchmarks.java;2
spring-cloud-sleuth;./benchmarks/src/main/java/org/springframework/cloud/sleuth/benchmarks/jmh/benchmarks/HttpFilterBenchmarks.java;4
spring-cloud-sleuth;./benchmarks/src/main/java/org/springframework/cloud/sleuth/benchmarks/jmh/benchmarks/RestTemplateBenchmark.java;2
spring-cloud-sleuth;./benchmarks/src/main/java/org/springframework/cloud/sleuth/benchmarks/jmh/benchmarks/StartupBenchmark.java;5
truffle;./compiler/src/org.graalvm.compiler.microbenchmarks/src/org/graalvm/compiler/microbenchmarks/graal/ConditionalEliminationBenchmark.java;3
truffle;./compiler/src/org.graalvm.compiler.microbenchmarks/src/org/graalvm/compiler/microbenchmarks/graal/FrameStateAssigmentPhaseBenchmark.java;1
truffle;./compiler/src/org.graalvm.compiler.microbenchmarks/src/org/graalvm/compiler/microbenchmarks/graal/GraphCopyBenchmark.java;2
truffle;./compiler/src/org.graalvm.compiler.microbenchmarks/src/org/graalvm/compiler/microbenchmarks/graal/NodeBenchmark.java;14
truffle;./compiler/src/org.graalvm.compiler.microbenchmarks/src/org/graalvm/compiler/microbenchmarks/graal/SchedulePhaseBenchmark.java;13
truffle;./compiler/src/org.graalvm.compiler.microbenchmarks/src/org/graalvm/compiler/microbenchmarks/graal/TestJMHWhitebox.java;1
truffle;./compiler/src/org.graalvm.compiler.microbenchmarks/src/org/graalvm/compiler/microbenchmarks/lir/CompileTimeBenchmark.java;3
truffle;./compiler/src/org.graalvm.compiler.microbenchmarks/src/org/graalvm/compiler/microbenchmarks/lir/RegisterAllocationTimeBenchmark.java;1
truffle;./compiler/src/org.graalvm.compiler.microbenchmarks/src/org/graalvm/compiler/microbenchmarks/lir/trace/TraceBuilderBenchmark.java;2
truffle;./compiler/src/org.graalvm.compiler.microbenchmarks/src/org/graalvm/compiler/microbenchmarks/lir/trace/TraceLSRAIntervalBuildingBench.java;1
truffle;./compiler/src/org.graalvm.compiler.virtual.bench/src/org/graalvm/compiler/virtual/bench/PartialEscapeBench.java;1
truffle;./compiler/src/org.graalvm.micro.benchmarks/src/micro/benchmarks/ArrayDuplicationBenchmark.java;3
truffle;./compiler/src/org.graalvm.micro.benchmarks/src/micro/benchmarks/ArrayListBenchmark.java;3
truffle;./compiler/src/org.graalvm.micro.benchmarks/src/micro/benchmarks/BoxingBenchmark.java;2
truffle;./compiler/src/org.graalvm.micro.benchmarks/src/micro/benchmarks/ConcurrentSkipListBenchmark.java;1
truffle;./compiler/src/org.graalvm.micro.benchmarks/src/micro/benchmarks/GuardedIntrinsicBenchmark.java;3
truffle;./compiler/src/org.graalvm.micro.benchmarks/src/micro/benchmarks/HashBenchmark.java;1
truffle;./compiler/src/org.graalvm.micro.benchmarks/src/micro/benchmarks/MathFunctionBenchmark.java;5
truffle;./compiler/src/org.graalvm.micro.benchmarks/src/micro/benchmarks/SimpleSyncBenchmark.java;3
truffle;./compiler/src/org.graalvm.micro.benchmarks/src/micro/benchmarks/StringBenchmark.java;5
truffle;./compiler/src/org.graalvm.micro.benchmarks/src/micro/benchmarks/TestJMHBlackbox.java;1
truffle;./truffle/src/com.oracle.truffle.api.benchmark/src/com/oracle/truffle/api/benchmark/EngineBenchmark.java;24
truffle;./truffle/src/com.oracle.truffle.api.benchmark/src/com/oracle/truffle/api/benchmark/NodeAdoptionBenchmark.java;9
truffle;./truffle/src/com.oracle.truffle.api.benchmark/src/com/oracle/truffle/api/benchmark/debug/DebugSpeedBench.java;5
truffle;./truffle/src/com.oracle.truffle.api.benchmark/src/com/oracle/truffle/api/benchmark/interop/JavaInteropSpeedBench.java;2
conscrypt;./benchmark-android/src/main/java/org/conscrypt/CaliperAlpnBenchmark.java;1
conscrypt;./benchmark-android/src/main/java/org/conscrypt/CaliperClientSocketBenchmark.java;1
conscrypt;./benchmark-android/src/main/java/org/conscrypt/CaliperEngineHandshakeBenchmark.java;1
conscrypt;./benchmark-android/src/main/java/org/conscrypt/CaliperEngineWrapBenchmark.java;1
conscrypt;./benchmark-jmh/src/jmh/java/org/conscrypt/JmhAlpnBenchmark.java;1
conscrypt;./benchmark-jmh/src/jmh/java/org/conscrypt/JmhCipherEncryptBenchmark.java;1
conscrypt;./benchmark-jmh/src/jmh/java/org/conscrypt/JmhClientSocketBenchmark.java;1
conscrypt;./benchmark-jmh/src/jmh/java/org/conscrypt/JmhEngineHandshakeBenchmark.java;1
conscrypt;./benchmark-jmh/src/jmh/java/org/conscrypt/JmhEngineWrapBenchmark.java;2
conscrypt;./benchmark-jmh/src/jmh/java/org/conscrypt/JmhServerSocketBenchmark.java;1
dropbox-sdk-java;./src/test/java/com/dropbox/core/json/JsonDateReaderBench.java;3
objenesis;./benchmark/src/main/java/org/objenesis/benchmark/ConcurrentGetInstantiator.java;5
objenesis;./benchmark/src/main/java/org/objenesis/benchmark/CreateObject.java;8
jinjava;./benchmark/src/main/java/com/hubspot/jinjava/benchmarks/jinja2/Jinja2Benchmark.java;2
jinjava;./benchmark/src/main/java/com/hubspot/jinjava/benchmarks/liquid/LiquidBenchmark.java;2
controller;./opendaylight/md-sal/benchmark-data-store/src/main/java/org/opendaylight/controller/md/sal/dom/store/benchmark/AbstractInMemoryBrokerWriteTransactionBenchmark.java;6
controller;./opendaylight/md-sal/benchmark-data-store/src/main/java/org/opendaylight/controller/md/sal/dom/store/benchmark/AbstractInMemoryDatastoreWriteTransactionBenchmark.java;6
flexmark-java;./flexmark/src/test/java/com/vladsch/flexmark/test/SpecBenchmark.java;2
flexmark-java;./flexmark-integration-test/src/test/java/com/vladsch/flexmark/integration/PegDownBenchmark.java;2
spectator;./spectator-api/src/jmh/java/com/netflix/spectator/perf/Counters.java;3
spectator;./spectator-api/src/jmh/java/com/netflix/spectator/perf/Ids.java;14
spectator;./spectator-api/src/jmh/java/com/netflix/spectator/perf/PercentileTimers.java;4
spectator;./spectator-api/src/jmh/java/com/netflix/spectator/perf/StringCreate.java;3
spectator;./spectator-api/src/jmh/java/com/netflix/spectator/perf/StringForeach.java;4
spectator;./spectator-api/src/jmh/java/com/netflix/spectator/perf/StringReplace.java;10
spectator;./spectator-ext-ipc/src/jmh/java/com/netflix/spectator/ipc/ServerGroupParsing.java;3
ixjava;./src/jmh/java/ix/FlattenIterableArrayPerf.java;3
ixjava;./src/jmh/java/ix/FlattenIterablePerf.java;3
ixjava;./src/jmh/java/ix/IxPerf.java;1
ixjava;./src/jmh/java/ix/RangePerf.java;2
ixjava;./src/jmh/java/ix/ReducePerf.java;2
SquidLib;./squidlib-performance/src/main/java/squidpony/performance/CoordPackerBenchmark.java;20
SquidLib;./squidlib-performance/src/main/java/squidpony/performance/DataStructureBenchmark.java;36
SquidLib;./squidlib-performance/src/main/java/squidpony/performance/DijkstraBenchmark.java;13
SquidLib;./squidlib-performance/src/main/java/squidpony/performance/FOVCacheBenchmark.java;2
SquidLib;./squidlib-performance/src/main/java/squidpony/performance/HashBenchmark.java;23
SquidLib;./squidlib-performance/src/main/java/squidpony/performance/LOSBenchmark.java;5
SquidLib;./squidlib-performance/src/main/java/squidpony/performance/MathBenchmark.java;30
SquidLib;./squidlib-performance/src/main/java/squidpony/performance/NoiseBenchmark.java;31
SquidLib;./squidlib-performance/src/main/java/squidpony/performance/RNGBenchmark.java;64
SquidLib;./squidlib-performance/src/main/java/squidpony/performance/WaypointBenchmark.java;9
indexr;./indexr-segment/src/benchmark/java/io/indexr/JNABenchmark.java;12
indexr;./indexr-segment/src/benchmark/java/io/indexr/compress/bh/BHCompressBenchmark.java;10
indexr;./indexr-segment/src/benchmark/java/io/indexr/segment/pack/BufferSliceBenchmark.java;2
indexr;./indexr-segment/src/benchmark/java/io/indexr/segment/pack/SegmentBenchmark.java;7
indexr;./indexr-segment/src/benchmark/java/io/indexr/util/WildcardBenchmark.java;2
indexr;./indexr-segment/src/benchmark/java/test/Cast.java;3
indexr;./indexr-segment/src/benchmark/java/test/LoopyBenchmarks.java;5
indexr;./indexr-segment/src/benchmark/java/test/Memory.java;5
indexr;./indexr-segment/src/benchmark/java/test/StopThread.java;2
RxJava2Extensions;./src/jmh/java/hu/akarnokd/rxjava2/FlatMapExPerf.java;12
SimpleFlatMapper;./sfm-jmh/src/main/java/org/simpleflatmapper/csv/CsvParserBenchmark.java;5
SimpleFlatMapper;./sfm-jmh/src/main/java/org/simpleflatmapper/csv/UnescapeBenchmark.java;1
SimpleFlatMapper;./sfm-jmh/src/main/java/org/simpleflatmapper/csv/io/InputStreamBenchmark.java;4
SimpleFlatMapper;./sfm-jmh/src/main/java/org/simpleflatmapper/csv/io/ReaderBenchmark.java;5
SimpleFlatMapper;./sfm-jmh/src/main/java/org/simpleflatmapper/io/CharReadingBenchmark.java;5
SimpleFlatMapper;./sfm-jmh/src/main/java/org/simpleflatmapper/map/KeyObjectStoreGetBenchmark.java;2
SimpleFlatMapper;./sfm-jmh/src/main/java/org/simpleflatmapper/map/KeyObjectStorePutBenchmark.java;2
SimpleFlatMapper;./sfm-jmh/src/main/java/org/simpleflatmapper/map/MapperCacheBenchmark.java;1
SimpleFlatMapper;./sfm-jmh/src/main/java/org/simpleflatmapper/reflect/GetterIntBenchmark.java;7
SimpleFlatMapper;./sfm-jmh/src/main/java/org/simpleflatmapper/reflect/GetterStringBenchmark.java;7
SimpleFlatMapper;./sfm-jmh/src/main/java/org/simpleflatmapper/utils/UUIDBenchMarkRead.java;2
SimpleFlatMapper;./sfm-jmh/src/main/java/org/simpleflatmapper/utils/UUIDBenchMarkWrite.java;2
logstash-gelf;./src/perf/java/biz/paluch/logging/gelf/GelfMessageAssemblerBenchmark.java;10
logstash-gelf;./src/perf/java/biz/paluch/logging/gelf/intern/GelfMessageBenchmark.java;6
tchannel-java;./tchannel-benchmark/src/main/java/com/uber/tchannel/benchmarks/LargePayloadBenchmark.java;1
tchannel-java;./tchannel-benchmark/src/main/java/com/uber/tchannel/benchmarks/PingPongMultiServerBenchmark.java;1
tchannel-java;./tchannel-benchmark/src/main/java/com/uber/tchannel/benchmarks/PingPongServerBenchmark.java;1
java-json-benchmark;./src/main/java/com/github/fabienrenaud/jjb/databind/Deserialization.java;16
java-json-benchmark;./src/main/java/com/github/fabienrenaud/jjb/databind/Serialization.java;16
java-json-benchmark;./src/main/java/com/github/fabienrenaud/jjb/stream/Deserialization.java;12
java-json-benchmark;./src/main/java/com/github/fabienrenaud/jjb/stream/Serialization.java;12
fsqio;./test/jvm/io/fsq/spindle/benchmark/test/ReadBenchmark.java;2
fsqio;./test/jvm/io/fsq/spindle/benchmark/test/WriteBenchmark.java;2
spring-boot-starter-netty;./src/integTest/java/org/springframework/boot/context/embedded/netty/HttpContentInputStreamBenchmark.java;2
spring-boot-starter-netty;./src/integTest/java/org/springframework/boot/context/embedded/netty/HttpResponseOutputStreamBenchmark.java;2
spring-boot-starter-netty;./src/integTest/java/org/springframework/boot/context/embedded/netty/NettyHttpServletResponseBenchmark.java;3
gral;./gral-core/src/jmh/java/de/erichseifert/gral/data/DataTableBenchmark.java;1
RHub;./reactor/src/perf/java/io/apptik/rhub/EmitterProcProxyPerf.java;2
RHub;./reactor/src/perf/java/io/apptik/rhub/EmitterProcessorPerf.java;2
RHub;./rxjava-v1/src/perf/java/io/apptik/rhub/PublishProxyPerf.java;2
RHub;./rxjava-v1/src/perf/java/io/apptik/rhub/PublishSubjectPerf.java;2
RHub;./rxjava-v2/src/perf/java/io/apptik/rhub/PublishObsProxyPerf.java;2
RHub;./rxjava-v2/src/perf/java/io/apptik/rhub/PublishProcProxyPerf.java;2
RHub;./rxjava-v2/src/perf/java/io/apptik/rhub/PublishProcessorPerf.java;2
RHub;./rxjava-v2/src/perf/java/io/apptik/rhub/PublishSubjectPerf.java;2
rxHub;./reactor/src/perf/java/io/apptik/rhub/EmitterProcProxyPerf.java;2
rxHub;./reactor/src/perf/java/io/apptik/rhub/EmitterProcessorPerf.java;2
rxHub;./rxjava-v1/src/perf/java/io/apptik/rhub/PublishProxyPerf.java;2
rxHub;./rxjava-v1/src/perf/java/io/apptik/rhub/PublishSubjectPerf.java;2
rxHub;./rxjava-v2/src/perf/java/io/apptik/rhub/PublishObsProxyPerf.java;2
rxHub;./rxjava-v2/src/perf/java/io/apptik/rhub/PublishProcProxyPerf.java;2
rxHub;./rxjava-v2/src/perf/java/io/apptik/rhub/PublishProcessorPerf.java;2
rxHub;./rxjava-v2/src/perf/java/io/apptik/rhub/PublishSubjectPerf.java;2
jbrotli;./jbrotli-performance/src/main/java/org/meteogroup/jbrotli/performance/Brotli_vs_Gzip_Benchmark.java;5
blixtser;./blixtser-benchmark/src/main/java/com/mojang/blixtser/benchmark/MicroBenchmark_AllModes.java;4
blixtser;./blixtser-benchmark/src/main/java/com/mojang/blixtser/benchmark/MicroBenchmark_AverageTime.java;4
blixtser;./blixtser-benchmark/src/main/java/com/mojang/blixtser/benchmark/MicroBenchmark_SampleTime.java;4
blixtser;./blixtser-benchmark/src/main/java/com/mojang/blixtser/benchmark/MicroBenchmark_SingleShotTime.java;4
eclipselink.runtime;./performance/eclipselink.perf.test/src/org/eclipse/persistence/testing/perf/beanvalidation/JPAValidationBenchmark.java;2
eclipselink.runtime;./performance/eclipselink.perf.test/src/org/eclipse/persistence/testing/perf/beanvalidation/MOXyValidationBenchmark.java;4
eclipselink.runtime;./performance/eclipselink.perf.test/src/org/eclipse/persistence/testing/perf/jpa/persistence_content_handler/PersistenceContentHandlerBenchmark.java;1
eclipselink.runtime;./performance/eclipselink.perf.test/src/org/eclipse/persistence/testing/perf/jpa/tests/basic/JPAMetadataProcessingTests.java;3
eclipselink.runtime;./performance/eclipselink.perf.test/src/org/eclipse/persistence/testing/perf/jpa/tests/basic/MethodHandleComparisonTests.java;72
eclipselink.runtime;./performance/eclipselink.perf.test/src/org/eclipse/persistence/testing/perf/json/marshal/JsonMarshalBenchmark.java;1
eclipselink.runtime;./performance/eclipselink.perf.test/src/org/eclipse/persistence/testing/perf/json/unmarshal/JsonUnmarshalBenchmark.java;4
eclipselink.runtime;./performance/eclipselink.perf.test/src/org/eclipse/persistence/testing/perf/json/writer/JsonWriterBenchmark.java;1
eclipselink.runtime;./performance/eclipselink.perf.test/src/org/eclipse/persistence/testing/perf/largexml/LargeXmlBenchmark.java;6
eclipselink.runtime;./performance/eclipselink.perf.test/src/org/eclipse/persistence/testing/perf/moxy/casesensitivity/CaseInsensitiveUnmarshalBenchmark.java;2
eclipselink.runtime;./performance/eclipselink.perf.test/src/org/eclipse/persistence/testing/perf/moxy/referenceresolver/ReferenceResolverBenchmark.java;3
eclipselink.runtime;./performance/eclipselink.perf.test/src/org/eclipse/persistence/testing/perf/reflection/ReflectionBenchmark.java;17
eclipselink.runtime;./performance/eclipselink.perf.test/src/org/eclipse/persistence/testing/perf/smallxml/SmallXmlBenchmark.java;6
benchmarks;./src/main/java/org/lmdbjava/bench/Chronicle.java;2
benchmarks;./src/main/java/org/lmdbjava/bench/LevelDb.java;6
benchmarks;./src/main/java/org/lmdbjava/bench/LmdbJavaAgrona.java;6
benchmarks;./src/main/java/org/lmdbjava/bench/LmdbJavaByteBuffer.java;6
benchmarks;./src/main/java/org/lmdbjava/bench/LmdbJni.java;6
benchmarks;./src/main/java/org/lmdbjava/bench/LmdbLwjgl.java;6
benchmarks;./src/main/java/org/lmdbjava/bench/MapDb.java;6
benchmarks;./src/main/java/org/lmdbjava/bench/MvStore.java;6
benchmarks;./src/main/java/org/lmdbjava/bench/RocksDb.java;6
benchmarks;./src/main/java/org/lmdbjava/bench/Xodus.java;6
java-perv;./labs-8/src/main/java/ru/gvsmirnov/perv/labs/concurrency/VolatileBenchmark.java;8
java-perv;./labs-8/src/main/java/ru/gvsmirnov/perv/labs/jit/AutoboxingElimination.java;5
java-perv;./labs-8/src/main/java/ru/gvsmirnov/perv/labs/jit/DeadCode.java;2
java-perv;./labs-8/src/main/java/ru/gvsmirnov/perv/labs/jit/EnumValues.java;5
java-perv;./labs-8/src/main/java/ru/gvsmirnov/perv/labs/jit/EscapeAnalysis.java;5
java-perv;./labs-8/src/main/java/ru/gvsmirnov/perv/labs/jit/LoopConditionals.java;2
java-perv;./labs-8/src/main/java/ru/gvsmirnov/perv/labs/time/TimeKillerBenchmark.java;10
yangtools;./benchmarks/src/main/java/org/opendaylight/yangtools/yang/data/impl/tree/InMemoryDataTreeBenchmark.java;9
100-Java-Concurrency-questions;./cache-size/src/main/java/com/github/arteam/ExperimentalCacheSizes.java;1
100-Java-Concurrency-questions;./false-sharing/src/main/java/com/github/arteam/benchmark/FalseSharingBenchmark.java;4
hash-bench;./src/main/java/au/com/acegi/hashbench/HashBench.java;3
a-foundation;./a-foundation-benchmark/src/main/java/com/ajjpj/afoundation/collection/immutable/AMapReadBenchmark.java;2
a-foundation;./a-foundation-benchmark/src/main/java/com/ajjpj/afoundation/collection/immutable/AMapShotgunUpdateBenchmark.java;1
a-foundation;./a-foundation-benchmark/src/main/java/com/ajjpj/afoundation/concurrent/PoolBenchmark.java;36
benchmarks;./src/main/java/org/lmdbjava/bench/Chronicle.java;2
benchmarks;./src/main/java/org/lmdbjava/bench/LevelDb.java;6
benchmarks;./src/main/java/org/lmdbjava/bench/LmdbJavaAgrona.java;6
benchmarks;./src/main/java/org/lmdbjava/bench/LmdbJavaByteBuffer.java;6
benchmarks;./src/main/java/org/lmdbjava/bench/LmdbJni.java;6
benchmarks;./src/main/java/org/lmdbjava/bench/LmdbLwjgl.java;6
benchmarks;./src/main/java/org/lmdbjava/bench/MapDb.java;6
benchmarks;./src/main/java/org/lmdbjava/bench/MvStore.java;6
benchmarks;./src/main/java/org/lmdbjava/bench/RocksDb.java;6
benchmarks;./src/main/java/org/lmdbjava/bench/Xodus.java;6
java_in_examples;./perfomance_test/src/main/java/com/github/vedenin/perfomace_test/ConvertBigStringToInputStreamBenchmark.java;4
java_in_examples;./perfomance_test/src/main/java/com/github/vedenin/perfomace_test/ConvertInputStreamToStringBenchmark.java;11
java_in_examples;./perfomance_test/src/main/java/com/github/vedenin/perfomace_test/ConvertInputStreamToStringBigBenchmark.java;11
java_in_examples;./perfomance_test/src/main/java/com/github/vedenin/perfomace_test/ConvertStringToInputStreamBenchmark.java;4
java_in_examples;./perfomance_test/src/main/java/com/github/vedenin/perfomace_test/FindCountOfOccurrencesBenchmark.java;9
java_in_examples;./perfomance_test/src/main/java/com/github/vedenin/perfomace_test/iteratemap/IterateThroughHashMapTest.java;10
Own-Programming-Language-Tutorial;./src/test/java/com/annimon/ownlang/parser/LexerBenchmarkTest.java;1
Own-Programming-Language-Tutorial;./src/test/java/com/annimon/ownlang/parser/ParserBenchmarkTest.java;1
decimal4j;./src/jmh/java/org/decimal4j/jmh/AddBenchmark.java;4
decimal4j;./src/jmh/java/org/decimal4j/jmh/AddCheckedBenchmark.java;4
decimal4j;./src/jmh/java/org/decimal4j/jmh/AvgBenchmark.java;4
decimal4j;./src/jmh/java/org/decimal4j/jmh/ConvertFromDoubleBenchmark.java;4
decimal4j;./src/jmh/java/org/decimal4j/jmh/ConvertFromStringBenchmark.java;4
decimal4j;./src/jmh/java/org/decimal4j/jmh/ConvertToDoubleBenchmark.java;4
decimal4j;./src/jmh/java/org/decimal4j/jmh/ConvertToStringBenchmark.java;6
decimal4j;./src/jmh/java/org/decimal4j/jmh/DivideBenchmark.java;4
decimal4j;./src/jmh/java/org/decimal4j/jmh/DivideCheckedBenchmark.java;4
decimal4j;./src/jmh/java/org/decimal4j/jmh/DivideLongBenchmark.java;4
decimal4j;./src/jmh/java/org/decimal4j/jmh/DoubleBenchmark.java;6
decimal4j;./src/jmh/java/org/decimal4j/jmh/DoubleRounderBenchmark.java;4
decimal4j;./src/jmh/java/org/decimal4j/jmh/MultiplyBenchmark.java;4
decimal4j;./src/jmh/java/org/decimal4j/jmh/MultiplyCheckedBenchmark.java;4
decimal4j;./src/jmh/java/org/decimal4j/jmh/MultiplyExactBenchmark.java;4
decimal4j;./src/jmh/java/org/decimal4j/jmh/MultiplyLongBenchmark.java;4
decimal4j;./src/jmh/java/org/decimal4j/jmh/PowBenchmark.java;6
decimal4j;./src/jmh/java/org/decimal4j/jmh/RoundBenchmark.java;4
decimal4j;./src/jmh/java/org/decimal4j/jmh/ScaleBenchmark.java;4
decimal4j;./src/jmh/java/org/decimal4j/jmh/SqrtBenchmark.java;4
decimal4j;./src/jmh/java/org/decimal4j/jmh/SquareBenchmark.java;4
decimal4j;./src/jmh/java/org/decimal4j/jmh/SquareCheckedBenchmark.java;4
decimal4j;./src/jmh/java/org/decimal4j/jmh/SubtractBenchmark.java;4
decimal4j;./src/jmh/java/org/decimal4j/jmh/SubtractCheckedBenchmark.java;4
cukedoctor;./cukedoctor-converter/src/perf/java/com/github/cukedoctor/CukedoctorBenchmark.java;1
Event4J;./benchmark/src/main/java/net/techcable/event4j/benchmark/EventBenchmark.java;3
NeoEMF;./benchmarks/core/src/main/java/fr/inria/atlanmod/neoemf/benchmarks/runner/AtomicRunner.java;6
NeoEMF;./benchmarks/core/src/main/java/fr/inria/atlanmod/neoemf/benchmarks/runner/ReadOnlyRunner.java;13
NeoEMF;./benchmarks/core/src/main/java/fr/inria/atlanmod/neoemf/benchmarks/runner/ReadWriteRunner.java;1
NeoEMF;./benchmarks/core/src/main/java/fr/inria/atlanmod/neoemf/benchmarks/runner/WriteOnlyRunner.java;3
clashofthelambdas;./java/src/main/java/benchmarks/ClashOfLambdas.java;15
javersion;./javersion-benchmark/src/test/java/benchmark/ClojureHashMap.java;2
javersion;./javersion-benchmark/src/test/java/benchmark/DiffBenchmark.java;4
javersion;./javersion-benchmark/src/test/java/benchmark/MergeBenchmark.java;2
mx;./java/com.oracle.mxtool.jmh_1_21/src/com/oracle/mxtool/jmh_1_21/TestJMH_1_21.java;1
shadow-pgsql;./jmh/src/main/java/shadow/pgsql/benchmark/JDBCBenchmark.java;1
shadow-pgsql;./jmh/src/main/java/shadow/pgsql/benchmark/ParseBenchmark.java;3
shadow-pgsql;./jmh/src/main/java/shadow/pgsql/benchmark/ShadowBenchmark.java;1
Microservices;./src/test/java/net/openhft/samples/microservices/orders/ComponentsBenchmark.java;1
javallier;./benchmark/src/main/java/com/n1analytics/paillier/JavallierBenchmark.java;10
rate-limited-logger;./jmh-tests/src/main/java/com/swrve/ratelimitedlogger/benchmarks/BenchLogWithPatternAndLevel.java;1
rate-limited-logger;./jmh-tests/src/main/java/com/swrve/ratelimitedlogger/benchmarks/BenchRateLimitedLogWithPattern.java;1
rate-limited-logger;./jmh-tests/src/main/java/com/swrve/ratelimitedlogger/benchmarks/BenchWithStringKey.java;1
reversegeocode;./src/bench/java/com/kno10/reversegeocode/bench/BenchmarkReverseGeocoder.java;4
rtree-3d;./src/test/java/com/github/davidmoten/rtree3d/BenchmarksRTree.java;34
rolling-metrics;./src/main/benchmark/com/github/rollingmetrics/counter/ResetOnSnapshotCounterBenchmark.java;2
rolling-metrics;./src/main/benchmark/com/github/rollingmetrics/counter/ResetPeriodicallyCounterBenchmark.java;2
rolling-metrics;./src/main/benchmark/com/github/rollingmetrics/counter/SmoothlyDecayingRollingCounterBenchmark.java;2
rolling-metrics;./src/main/benchmark/com/github/rollingmetrics/counter/SmoothlyDecayingRollingCounterPerOperationBenchmark.java;5
rolling-metrics;./src/main/benchmark/com/github/rollingmetrics/histogram/CountAtPercentileExtractionBenchmark.java;2
rolling-metrics;./src/main/benchmark/com/github/rollingmetrics/histogram/accumulator/HistogramRecordingBenchmark.java;7
rolling-metrics;./src/main/benchmark/com/github/rollingmetrics/histogram/accumulator/HistogramSnapshotExtractionBenchmark.java;6
rolling-metrics;./src/main/benchmark/com/github/rollingmetrics/hitratio/ResetOnSnapshotHitRatioBenchmark.java;2
rolling-metrics;./src/main/benchmark/com/github/rollingmetrics/hitratio/ResetPeriodicalyHitRatioBenchmark.java;2
rolling-metrics;./src/main/benchmark/com/github/rollingmetrics/hitratio/SmoothlyDecayingHitRatioBenchmark.java;2
rolling-metrics;./src/main/benchmark/com/github/rollingmetrics/hitratio/UniformHitRatioBenchmark.java;2
rolling-metrics;./src/main/benchmark/com/github/rollingmetrics/top/TopBenchmark.java;17
rolling-metrics;./src/main/benchmark/com/github/rollingmetrics/util/BackgroundExecutionUtilBenchmark.java;5
rolling-metrics;./src/main/benchmark/com/github/rollingmetrics/util/CostOfThreadUnpark.java;1
jvm-serializer;./src/test/java/com/creative/commons/utils/benchmark/FastJsonBenchmark.java;1
jvm-serializer;./src/test/java/com/creative/commons/utils/benchmark/HessianBenchmark.java;1
jvm-serializer;./src/test/java/com/creative/commons/utils/benchmark/JdkCodecBencmark.java;1
jvm-serializer;./src/test/java/com/creative/commons/utils/benchmark/KryoBenchmark.java;1
jvm-serializer;./src/test/java/com/creative/commons/utils/benchmark/MsgPackBenchmark.java;1
metrics-core-hdr;./src/main/benchmark/com/github/rollingmetrics/counter/ResetOnSnapshotCounterBenchmark.java;2
metrics-core-hdr;./src/main/benchmark/com/github/rollingmetrics/counter/ResetPeriodicallyCounterBenchmark.java;2
metrics-core-hdr;./src/main/benchmark/com/github/rollingmetrics/counter/SmoothlyDecayingRollingCounterBenchmark.java;2
metrics-core-hdr;./src/main/benchmark/com/github/rollingmetrics/counter/SmoothlyDecayingRollingCounterPerOperationBenchmark.java;5
metrics-core-hdr;./src/main/benchmark/com/github/rollingmetrics/histogram/CountAtPercentileExtractionBenchmark.java;2
metrics-core-hdr;./src/main/benchmark/com/github/rollingmetrics/histogram/accumulator/HistogramRecordingBenchmark.java;7
metrics-core-hdr;./src/main/benchmark/com/github/rollingmetrics/histogram/accumulator/HistogramSnapshotExtractionBenchmark.java;6
metrics-core-hdr;./src/main/benchmark/com/github/rollingmetrics/hitratio/ResetOnSnapshotHitRatioBenchmark.java;2
metrics-core-hdr;./src/main/benchmark/com/github/rollingmetrics/hitratio/ResetPeriodicalyHitRatioBenchmark.java;2
metrics-core-hdr;./src/main/benchmark/com/github/rollingmetrics/hitratio/SmoothlyDecayingHitRatioBenchmark.java;2
metrics-core-hdr;./src/main/benchmark/com/github/rollingmetrics/hitratio/UniformHitRatioBenchmark.java;2
metrics-core-hdr;./src/main/benchmark/com/github/rollingmetrics/top/TopBenchmark.java;17
metrics-core-hdr;./src/main/benchmark/com/github/rollingmetrics/util/BackgroundExecutionUtilBenchmark.java;5
metrics-core-hdr;./src/main/benchmark/com/github/rollingmetrics/util/CostOfThreadUnpark.java;1
logback-ext;./logback-ext-lmax-appender/src/test/java/org/eluder/logback/ext/lmax/appender/AppenderBenchmark.java;2
rxjava2-backport;./src/jmh/java/hu/akarnokd/rxjava2/EachTypeFlatMapPerf.java;8
rxjava2-backport;./src/jmh/java/hu/akarnokd/rxjava2/OperatorFlatMapPerf.java;4
rxjava2-backport;./src/jmh/java/hu/akarnokd/rxjava2/OperatorMergePerf.java;6
rxjava2-backport;./src/jmh/java/hu/akarnokd/rxjava2/RangePerf.java;3
rxjava2-backport;./src/jmh/java/hu/akarnokd/rxjava2/RxVsStreamPerf.java;6
graylog-plugin-pipeline-processor;./benchmarks/src/main/java/org/graylog/benchmarks/pipeline/DeclaringClassBenchmark.java;7
graylog-plugin-pipeline-processor;./benchmarks/src/main/java/org/graylog/benchmarks/pipeline/FilterchainVsPipeline.java;2
graylog-plugin-pipeline-processor;./benchmarks/src/main/java/org/graylog/benchmarks/pipeline/PipelinePerformanceBenchmarks.java;1
quick-csv-streamer;./src/jmh/java/uk/elementarysoftware/quickcsv/benchmarks/BenchmarkParserAndMapperInMemory.java;5
saga-lib;./jmh-test/src/main/java/com/codebullets/sagalib/HandlersTestFixture.java;10
jvm-micro-benchmarks;./src/main/java/encyrption/MemoryAccessMain.java;9
jvm-micro-benchmarks;./src/main/java/javatest/InstanceOfMain.java;1
jvm-micro-benchmarks;./src/main/java/lambda/LambdaSerialization.java;9
jvm-micro-benchmarks;./src/main/java/utf8/DecodeMain.java;4
jvm-micro-benchmarks;./src/main/java/utf8/EncodeMain.java;6
simhashdb;./simhash-knn-benchmark/src/main/java/fr/ujm/tse/lt2c/satin/simhash/benchmark/AverageTimeBenchmark.java;2
tiny-async-java;./tiny-async-perftest/src/main/java/eu/toolchain/perftests/jmh/CollectFew.java;2
tiny-async-java;./tiny-async-perftest/src/main/java/eu/toolchain/perftests/jmh/CollectMany.java;3
tiny-async-java;./tiny-async-perftest/src/main/java/eu/toolchain/perftests/jmh/Immediate.java;2
tiny-async-java;./tiny-async-perftest/src/main/java/eu/toolchain/perftests/jmh/ManyListeners.java;3
tiny-async-java;./tiny-async-perftest/src/main/java/eu/toolchain/perftests/jmh/ManyThreads.java;3
tiny-async-java;./tiny-async-perftest/src/main/java/eu/toolchain/perftests/jmh/ManyThreadsAddingListeners.java;3
narchy;./nal/src/test/java/nars/perf/NARBenchmark.java;1
narchy;./nal/src/test/java/nars/perf/NARTestBenchmark.java;1
akarnokd-misc;./src/jmh/java/hu/akarnokd/asyncenum/IAsyncEnumerablePerf.java;7
akarnokd-misc;./src/jmh/java/hu/akarnokd/atomics/QueueDrainAsync3Perf.java;5
akarnokd-misc;./src/jmh/java/hu/akarnokd/atomics/QueueDrainAsyncPerf.java;5
akarnokd-misc;./src/jmh/java/hu/akarnokd/atomics/QueueDrainPerf.java;5
akarnokd-misc;./src/jmh/java/hu/akarnokd/atomics/TerminalAtomics.java;8
akarnokd-misc;./src/jmh/java/hu/akarnokd/comparison/AkkaStreamsCrossMapPerf.java;10
akarnokd-misc;./src/jmh/java/hu/akarnokd/comparison/AkkaStreamsFlatMapPerf.java;1
akarnokd-misc;./src/jmh/java/hu/akarnokd/comparison/AkkaStreamsReactorCrossMapPerf.java;10
akarnokd-misc;./src/jmh/java/hu/akarnokd/comparison/CharsTakeSkipConcatPerf.java;4
akarnokd-misc;./src/jmh/java/hu/akarnokd/comparison/IxPerf.java;30
akarnokd-misc;./src/jmh/java/hu/akarnokd/comparison/LogSumPerf.java;4
akarnokd-misc;./src/jmh/java/hu/akarnokd/comparison/MaterializationBenchmarkFanInOutPerf.java;6
akarnokd-misc;./src/jmh/java/hu/akarnokd/comparison/MaterializationBenchmarkPerf.java;6
akarnokd-misc;./src/jmh/java/hu/akarnokd/comparison/MonoThenFlatMap.java;7
akarnokd-misc;./src/jmh/java/hu/akarnokd/comparison/ObservableFlatMapPerf.java;7
akarnokd-misc;./src/jmh/java/hu/akarnokd/comparison/OnesTypesFlatMap2Perf.java;6
akarnokd-misc;./src/jmh/java/hu/akarnokd/comparison/OnesTypesFlatMapPerf.java;6
akarnokd-misc;./src/jmh/java/hu/akarnokd/comparison/ParallelPerf.java;3
akarnokd-misc;./src/jmh/java/hu/akarnokd/comparison/PublisherFlatMapPerf.java;7
akarnokd-misc;./src/jmh/java/hu/akarnokd/comparison/ReactiveStreamsImpls.java;39
akarnokd-misc;./src/jmh/java/hu/akarnokd/comparison/ReactiveStreamsImplsAsync.java;12
akarnokd-misc;./src/jmh/java/hu/akarnokd/comparison/SingleFlatMapIterablePerf.java;4
akarnokd-misc;./src/jmh/java/hu/akarnokd/comparison/StreamVsRxJava.java;17
akarnokd-misc;./src/jmh/java/hu/akarnokd/comparison/WindmillPerf.java;11
akarnokd-misc;./src/jmh/java/hu/akarnokd/comparison/WorkQueuePerf.java;11
akarnokd-misc;./src/jmh/java/hu/akarnokd/comparison/ZeroOnePerf.java;6
akarnokd-misc;./src/jmh/java/hu/akarnokd/comparison/ZipPerf.java;5
akarnokd-misc;./src/jmh/java/hu/akarnokd/comparison/classic/ClassicAsyncPerf.java;6
akarnokd-misc;./src/jmh/java/hu/akarnokd/comparison/classic/ForEachPerf.java;6
akarnokd-misc;./src/jmh/java/hu/akarnokd/comparison/scrabble/ShakespearePlaysScrabbleWithAkkaStreamBeta.java;1
akarnokd-misc;./src/jmh/java/hu/akarnokd/comparison/scrabble/ShakespearePlaysScrabbleWithAkkaStreamOpt.java;1
akarnokd-misc;./src/jmh/java/hu/akarnokd/comparison/scrabble/ShakespearePlaysScrabbleWithCyclopsReactOpt.java;1
akarnokd-misc;./src/jmh/java/hu/akarnokd/comparison/scrabble/ShakespearePlaysScrabbleWithDirect.java;1
akarnokd-misc;./src/jmh/java/hu/akarnokd/comparison/scrabble/ShakespearePlaysScrabbleWithGuava.java;1
akarnokd-misc;./src/jmh/java/hu/akarnokd/comparison/scrabble/ShakespearePlaysScrabbleWithGuavaBeta.java;1
akarnokd-misc;./src/jmh/java/hu/akarnokd/comparison/scrabble/ShakespearePlaysScrabbleWithGuavaOpt.java;1
akarnokd-misc;./src/jmh/java/hu/akarnokd/comparison/scrabble/ShakespearePlaysScrabbleWithI4JOpt.java;1
akarnokd-misc;./src/jmh/java/hu/akarnokd/comparison/scrabble/ShakespearePlaysScrabbleWithIEOpt.java;1
akarnokd-misc;./src/jmh/java/hu/akarnokd/comparison/scrabble/ShakespearePlaysScrabbleWithIObsOpt.java;1
akarnokd-misc;./src/jmh/java/hu/akarnokd/comparison/scrabble/ShakespearePlaysScrabbleWithIx.java;1
akarnokd-misc;./src/jmh/java/hu/akarnokd/comparison/scrabble/ShakespearePlaysScrabbleWithIxBeta.java;1
akarnokd-misc;./src/jmh/java/hu/akarnokd/comparison/scrabble/ShakespearePlaysScrabbleWithIxOpt.java;1
akarnokd-misc;./src/jmh/java/hu/akarnokd/comparison/scrabble/ShakespearePlaysScrabbleWithJOOL.java;1
akarnokd-misc;./src/jmh/java/hu/akarnokd/comparison/scrabble/ShakespearePlaysScrabbleWithJOOLBeta.java;1
akarnokd-misc;./src/jmh/java/hu/akarnokd/comparison/scrabble/ShakespearePlaysScrabbleWithJOOLOpt.java;1
akarnokd-misc;./src/jmh/java/hu/akarnokd/comparison/scrabble/ShakespearePlaysScrabbleWithLSA.java;1
akarnokd-misc;./src/jmh/java/hu/akarnokd/comparison/scrabble/ShakespearePlaysScrabbleWithLSABeta.java;1
akarnokd-misc;./src/jmh/java/hu/akarnokd/comparison/scrabble/ShakespearePlaysScrabbleWithR4J.java;1
akarnokd-misc;./src/jmh/java/hu/akarnokd/comparison/scrabble/ShakespearePlaysScrabbleWithR4JBeta.java;1
akarnokd-misc;./src/jmh/java/hu/akarnokd/comparison/scrabble/ShakespearePlaysScrabbleWithR4JOpt.java;1
akarnokd-misc;./src/jmh/java/hu/akarnokd/comparison/scrabble/ShakespearePlaysScrabbleWithReactor3.java;1
akarnokd-misc;./src/jmh/java/hu/akarnokd/comparison/scrabble/ShakespearePlaysScrabbleWithReactor3Beta.java;1
akarnokd-misc;./src/jmh/java/hu/akarnokd/comparison/scrabble/ShakespearePlaysScrabbleWithReactor3Opt.java;1
akarnokd-misc;./src/jmh/java/hu/akarnokd/comparison/scrabble/ShakespearePlaysScrabbleWithReactor3ParallelOpt.java;1
akarnokd-misc;./src/jmh/java/hu/akarnokd/comparison/scrabble/ShakespearePlaysScrabbleWithRsc.java;1
akarnokd-misc;./src/jmh/java/hu/akarnokd/comparison/scrabble/ShakespearePlaysScrabbleWithRscBeta.java;1
akarnokd-misc;./src/jmh/java/hu/akarnokd/comparison/scrabble/ShakespearePlaysScrabbleWithRscOpt.java;1
akarnokd-misc;./src/jmh/java/hu/akarnokd/comparison/scrabble/ShakespearePlaysScrabbleWithRscParallelOpt.java;1
akarnokd-misc;./src/jmh/java/hu/akarnokd/comparison/scrabble/ShakespearePlaysScrabbleWithRxJava1.java;1
akarnokd-misc;./src/jmh/java/hu/akarnokd/comparison/scrabble/ShakespearePlaysScrabbleWithRxJava1Beta.java;1
akarnokd-misc;./src/jmh/java/hu/akarnokd/comparison/scrabble/ShakespearePlaysScrabbleWithRxJava1Opt.java;1
akarnokd-misc;./src/jmh/java/hu/akarnokd/comparison/scrabble/ShakespearePlaysScrabbleWithRxJava2Flowable.java;1
akarnokd-misc;./src/jmh/java/hu/akarnokd/comparison/scrabble/ShakespearePlaysScrabbleWithRxJava2FlowableBeta.java;1
akarnokd-misc;./src/jmh/java/hu/akarnokd/comparison/scrabble/ShakespearePlaysScrabbleWithRxJava2FlowableOpt.java;1
akarnokd-misc;./src/jmh/java/hu/akarnokd/comparison/scrabble/ShakespearePlaysScrabbleWithRxJava2FlowableOpt2.java;1
akarnokd-misc;./src/jmh/java/hu/akarnokd/comparison/scrabble/ShakespearePlaysScrabbleWithRxJava2FlowableOpt3.java;1
akarnokd-misc;./src/jmh/java/hu/akarnokd/comparison/scrabble/ShakespearePlaysScrabbleWithRxJava2Observable.java;1
akarnokd-misc;./src/jmh/java/hu/akarnokd/comparison/scrabble/ShakespearePlaysScrabbleWithRxJava2ObservableBeta.java;1
akarnokd-misc;./src/jmh/java/hu/akarnokd/comparison/scrabble/ShakespearePlaysScrabbleWithRxJava2ObservableOpt.java;1
akarnokd-misc;./src/jmh/java/hu/akarnokd/comparison/scrabble/ShakespearePlaysScrabbleWithRxJava2ParallelOpt.java;1
akarnokd-misc;./src/jmh/java/hu/akarnokd/comparison/scrabble/ShakespearePlaysScrabbleWithStreams.java;1
akarnokd-misc;./src/jmh/java/hu/akarnokd/comparison/scrabble/ShakespearePlaysScrabbleWithStreamsBeta.java;1
akarnokd-misc;./src/jmh/java/hu/akarnokd/iterables/LambdaSingletonPerf.java;12
akarnokd-misc;./src/jmh/java/hu/akarnokd/queue/MpmcLinkedArrayQueuePerf.java;6
akarnokd-misc;./src/jmh/java/hu/akarnokd/queue/MpscLinkedArrayQueueXPerf.java;10
akarnokd-misc;./src/jmh/java/hu/akarnokd/queue/QueueOfferPollOverhead.java;16
akarnokd-misc;./src/jmh/java/hu/akarnokd/queue/QueuePerf.java;8
akarnokd-misc;./src/jmh/java/hu/akarnokd/queue/SpscIntArrayQueuePerf.java;6
akarnokd-misc;./src/jmh/java/hu/akarnokd/queue/SpscIntArrayQueueXPerf.java;8
akarnokd-misc;./src/jmh/java/hu/akarnokd/reactive/ItemManagerPerf.java;3
akarnokd-misc;./src/jmh/java/hu/akarnokd/reactive/comparison/reactor/AsyncPerf.java;2
akarnokd-misc;./src/jmh/java/hu/akarnokd/reactive/comparison/reactor/BlockingPerf.java;5
akarnokd-misc;./src/jmh/java/hu/akarnokd/reactive/comparison/reactor/StreamingPerf.java;12
akarnokd-misc;./src/jmh/java/hu/akarnokd/reactive/comparison/reactor/SubjectPerf.java;3
akarnokd-misc;./src/jmh/java/hu/akarnokd/reactive/comparison/reactor/SubscribePerf.java;6
akarnokd-misc;./src/jmh/java/hu/akarnokd/reactive/comparison/rx1/AsyncPerf.java;2
akarnokd-misc;./src/jmh/java/hu/akarnokd/reactive/comparison/rx1/BlockingPerf.java;8
akarnokd-misc;./src/jmh/java/hu/akarnokd/reactive/comparison/rx1/StreamingPerf.java;12
akarnokd-misc;./src/jmh/java/hu/akarnokd/reactive/comparison/rx1/SubjectPerf.java;5
akarnokd-misc;./src/jmh/java/hu/akarnokd/reactive/comparison/rx1/SubscribePerf.java;9
akarnokd-misc;./src/jmh/java/hu/akarnokd/reactive/comparison/rx2/AsyncPerf.java;4
akarnokd-misc;./src/jmh/java/hu/akarnokd/reactive/comparison/rx2/BlockingPerf.java;10
akarnokd-misc;./src/jmh/java/hu/akarnokd/reactive/comparison/rx2/StreamingPerf.java;24
akarnokd-misc;./src/jmh/java/hu/akarnokd/reactive/comparison/rx2/SubjectPerf.java;10
akarnokd-misc;./src/jmh/java/hu/akarnokd/reactive/comparison/rx2/SubscribePerf.java;15
akarnokd-misc;./src/jmh/java/hu/akarnokd/reactive/ipc/SocketNetworkNotification.java;1
akarnokd-misc;./src/jmh/java/hu/akarnokd/reactive/nio/BufferPerf.java;2
akarnokd-misc;./src/jmh/java/hu/akarnokd/reactive/nio/NIONetworkNotification.java;1
akarnokd-misc;./src/jmh/java/hu/akarnokd/rxjava2/DisposableContainerPerf.java;3
akarnokd-misc;./src/jmh/java/hu/akarnokd/rxjava2/DisposableContainerSyncPerf.java;6
akarnokd-misc;./src/jmh/java/hu/akarnokd/rxjava2/PublishProcessorPerf.java;9
gflogger;./perftest/src/main/java/org/gflogger/benchmarks/FormattingBenchmark.java;8
gflogger;./perftest/src/main/java/org/gflogger/benchmarks/GFLoggerBenchmark.java;3
JavaLinuxNet;./src/test/java/org/it4y/benchmarks/TimeBenchmark.java;8
jmh-gradle-sample;./src/perf/java/sample/ParserBenchmark.java;3
jmh-gradle-sample;./src/perf/java/sample/SampleBenchmark.java;5
t-digest-benchmark;./src/main/java/com/tdunning/FloatHistogramBench.java;1
t-digest-benchmark;./src/main/java/com/tdunning/MergeBench.java;1
t-digest-benchmark;./src/main/java/com/tdunning/TDigestBench.java;1
HexSpeak;./contrib/HexSpeak-bench.java.with.JMH/benchmarks/src/main/java/com/mycompany/MyBenchmark.java;1
msgcodec;./msgcodec-blink/src/jmh/java/com/cinnober/msgcodec/blink/BenchmarkDynamic.java;18
msgcodec;./msgcodec-blink/src/jmh/java/com/cinnober/msgcodec/blink/BenchmarkIntegerCoding.java;8
msgcodec;./msgcodec-blink/src/jmh/java/com/cinnober/msgcodec/blink/BenchmarkNativeOuch42EnterOrder.java;2
msgcodec;./msgcodec-blink/src/jmh/java/com/cinnober/msgcodec/blink/BenchmarkOuch42EnterOrder.java;2
msgcodec;./msgcodec-blink/src/jmh/java/com/cinnober/msgcodec/blink/BenchmarkOuch42EnterOrderGroup.java;2
msgcodec;./msgcodec-blink/src/jmh/java/com/cinnober/msgcodec/blink/BenchmarkOuch42EnterOrderStream.java;2
msgcodec;./msgcodec-blink/src/jmh/java/com/cinnober/msgcodec/blink/BenchmarkRtcEnterDeal.java;2
samples;./json/src/org/immutables/samples/json/JsonBenchmarks.java;8
traffic-shm;./src/test/java/io/traffic/shm/test/TestBenchmark.java;2
object-pool-benchmarks;./src/main/java/objectpoolbenchmark/specific/stormpot/BlazePoolBenchmark.java;9
object-pool-benchmarks;./src/main/java/objectpoolbenchmark/specific/stormpot/HashMapGet.java;1
object-pool-benchmarks;./src/main/java/objectpoolbenchmark/specific/stormpot/InterfaceInlining.java;5
object-pool-benchmarks;./src/main/java/objectpoolbenchmark/specific/stormpot/Simulation.java;5
object-pool-benchmarks;./src/main/java/objectpoolbenchmark/suite/ClaimRelease.java;1
object-pool-benchmarks;./src/main/java/objectpoolbenchmark/suite/CostBaseline.java;3
zappos-json;./benchmark/src/main/java/com/zappos/json/benchmark/SimpleDeserializationBenchmark.java;4
zappos-json;./benchmark/src/main/java/com/zappos/json/benchmark/SimpleSerializationBenchmark.java;4
paninij;./benchmarks/jmh-harness/src/jmh/java/org/paninij/TrapezoidBenchmark.java;1
debop4k;./debop4k-benchmark/src/main/java/debop4k/benchmark/core/util/Utf8EncodingBenchmark.java;3
debop4k;./debop4k-benchmark/src/main/java/debop4k/benchmark/serializers/SerializerBenchmark.java;2
autohash;./android-benchmark/src/androidTest/java/com/github/karlicoss/auto/value/android_benchmark/hash/CachedVsNotCachedBenchmark.java;5
autohash;./autohash/src/jmh/java/benchmarks/TestBenchmark.java;5
protobuf-el;./protobufel-benchmarks/src/main/java/com/github/protobufel/benchmarks/BuilderBenchmark.java;7
json-benchmarks;./src/jmh/java/json/benchmark/AutoBenchmark.java;7
json-benchmarks;./src/jmh/java/json/benchmark/BoonBenchmark.java;6
json-benchmarks;./src/jmh/java/json/benchmark/GsonBenchmark.java;4
json-benchmarks;./src/jmh/java/json/benchmark/JacksonBenchmark.java;7
json-benchmarks;./src/jmh/java/json/benchmark/LoganSquareBenchmark.java;4
json-benchmarks;./src/jmh/java/json/benchmark/MoshiBenchmark.java;4
json-benchmarks;./src/jmh/java/json/benchmark/immutables/GsonBenchmark.java;4
json-benchmarks;./src/jmh/java/json/benchmark/immutables/JacksonBenchmark.java;7
json-benchmarks;./src/jmh/java/json/benchmark/immutables/MoshiBenchmark.java;4
scala-vs-java;./src/main/java/com/github/plokhotnyuk/scala_vs_java/JavaFactorial.java;4
scala-vs-java;./src/main/java/com/github/plokhotnyuk/scala_vs_java/JavaFibonacci.java;2
scala-vs-java;./src/main/java/com/github/plokhotnyuk/scala_vs_java/JavaSumOfArithmeticSeries.java;2
rapidpm-microservice;./modules/core/src/test/java/perf/org/rapidpm/microservice/demo/FullPerfTest.java;2
rapidpm-microservice;./modules/core/src/test/java/perf/org/rapidpm/microservice/demo/FullPerfTest.java;2
nvlist;./core/src/jmh/java/nl/weeaboo/gdx/graphics/blur/ImageBlurBenchmark.java;3
jbcnconf;./code/src/jmh/java/com/github/srvaroa/jmh/AkkaBenchmark.java;1
jbcnconf;./code/src/jmh/java/com/github/srvaroa/jmh/IterableBenchmark.java;2
jbcnconf;./code/src/jmh/java/com/github/srvaroa/jmh/SynchronizedMapBenchmark.java;8
jbcnconf;./code/src/jmh/java/com/github/srvaroa/queue/JcToolsSpScQueueBenchmark.java;2
jbcnconf;./code/src/jmh/java/com/github/srvaroa/queue/QueueBenchmark.java;8
iap-tools-java-benchmarks;./src/main/java/com/jenkov/iap/ion/performance/IapReadLengthBenchmarks.java;3
iap-tools-java-benchmarks;./src/main/java/com/jenkov/iap/ion/performance/SwitchVsForBenchmarks.java;6
iap-tools-java-benchmarks;./src/main/java/com/jenkov/iap/ion/proto/ProtocolBuffersReadBenchmarks.java;1
iap-tools-java-benchmarks;./src/main/java/com/jenkov/iap/ion/proto/ProtocolBuffersWriteBenchmarks.java;1
iap-tools-java-benchmarks;./src/main/java/com/jenkov/iap/ion/read/IonBooleanReadBenchmark.java;32
iap-tools-java-benchmarks;./src/main/java/com/jenkov/iap/ion/read/IonDoubleReadBenchmark.java;32
iap-tools-java-benchmarks;./src/main/java/com/jenkov/iap/ion/read/IonFloatReadBenchmark.java;32
iap-tools-java-benchmarks;./src/main/java/com/jenkov/iap/ion/read/IonLongReadBenchmark.java;32
iap-tools-java-benchmarks;./src/main/java/com/jenkov/iap/ion/read/IonMixedReadBenchmark.java;12
iap-tools-java-benchmarks;./src/main/java/com/jenkov/iap/ion/read/IonStringReadBenchmark.java;32
iap-tools-java-benchmarks;./src/main/java/com/jenkov/iap/ion/readanduse/IonReadAndUseBenchmark.java;2
iap-tools-java-benchmarks;./src/main/java/com/jenkov/iap/ion/util/OpenArrayListBenchmark.java;8
iap-tools-java-benchmarks;./src/main/java/com/jenkov/iap/ion/util/OpenHashMapBenchmark.java;2
iap-tools-java-benchmarks;./src/main/java/com/jenkov/iap/ion/write/IonBooleanWriteBenchmark.java;32
iap-tools-java-benchmarks;./src/main/java/com/jenkov/iap/ion/write/IonDoubleWriteBenchmark.java;32
iap-tools-java-benchmarks;./src/main/java/com/jenkov/iap/ion/write/IonFloatWriteBenchmark.java;32
iap-tools-java-benchmarks;./src/main/java/com/jenkov/iap/ion/write/IonLongWriteBenchmark.java;32
iap-tools-java-benchmarks;./src/main/java/com/jenkov/iap/ion/write/IonMixedWriteBenchmark.java;7
iap-tools-java-benchmarks;./src/main/java/com/jenkov/iap/ion/write/IonStringWriteBenchmark.java;32
iap-tools-java-benchmarks;./src/main/java/com/jenkov/iap/ion/write/IonTableWriteBenchmark.java;2
iap-tools-java-benchmarks;./src/main/java/com/jenkov/iap/ion/write/IonWriterBenchmark.java;8
iap-tools-java-benchmarks;./src/main/java/com/jenkov/iap/ion/write/custom/IonIntCustomWriteBenchmark.java;7
presentations;./latency/src/test/java/pl/codewise/hyperion/histogram/hyperion/CounterMicroBenchmark.java;6
presentations;./memory/src/main/java/pl/codewise/geecon/IteratorEscapeAnalysis.java;2
tiny-serializer-java;./tiny-serializer-perftests/src/main/java/eu/toolchain/serializer/perftests/benchmarks/FSTPerformance.java;3
tiny-serializer-java;./tiny-serializer-perftests/src/main/java/eu/toolchain/serializer/perftests/benchmarks/KryoPerformance.java;3
tiny-serializer-java;./tiny-serializer-perftests/src/main/java/eu/toolchain/serializer/perftests/benchmarks/MessagePackPerformance.java;3
tiny-serializer-java;./tiny-serializer-perftests/src/main/java/eu/toolchain/serializer/perftests/benchmarks/TinyAutoMatterPerformance.java;3
tiny-serializer-java;./tiny-serializer-perftests/src/main/java/eu/toolchain/serializer/perftests/benchmarks/TinyPerformance.java;3
tiny-serializer-java;./tiny-serializer-perftests/src/main/java/eu/toolchain/serializer/perftests/benchmarks/TinyPerformanceImmediate.java;3
orm-benchmark;./src/main/java/org/sfm/benchmark/csv/CsvMapperBenchmark.java;7
orm-benchmark;./src/main/java/org/sfm/benchmark/csv/CsvParserBenchmark.java;5
orm-benchmark;./src/main/java/org/sfm/benchmark/csv/CsvWriterTest.java;3
orm-benchmark;./src/main/java/org/sfm/benchmark/csv/ObjectSizeCsvMapperBenchmark.java;3
orm-benchmark;./src/main/java/org/sfm/benchmark/csv/ObjectSizeSfmCsvMapperBenchmark.java;1
orm-benchmark;./src/main/java/org/sfm/benchmark/csv/ObjectSizeSfmCsvMapperShardingBenchmark.java;1
orm-benchmark;./src/main/java/org/sfm/benchmark/db/hibernate/HibernateStatefullBenchmark.java;1
orm-benchmark;./src/main/java/org/sfm/benchmark/db/ibatis/MyBatisBenchmark.java;1
orm-benchmark;./src/main/java/org/sfm/benchmark/db/jdbc/PureJdbcBenchmark.java;1
orm-benchmark;./src/main/java/org/sfm/benchmark/db/jooq/JooqBenchmark.java;4
orm-benchmark;./src/main/java/org/sfm/benchmark/db/sfm/JdbcMapperDynamicBenchmark.java;2
orm-benchmark;./src/main/java/org/sfm/benchmark/db/sfm/JdbcMapperStaticBenchmark.java;2
orm-benchmark;./src/main/java/org/sfm/benchmark/db/sfm/ObjectSizeJdbcMapperBenchmark.java;1
orm-benchmark;./src/main/java/org/sfm/benchmark/db/spring/BeanPropertyRowMapperBenchmark.java;1
orm-benchmark;./src/main/java/org/sfm/benchmark/db/spring/RomaBenchmark.java;1
orm-benchmark;./src/main/java/org/sfm/benchmark/db/sql2o/Sql2OBenchmark.java;2
orm-benchmark;./src/main/java/org/sfm/misc/DateFormatClone.java;3
orm-benchmark;./src/main/java/org/sfm/misc/DateFormatIterator.java;3
demos;./performance-playing/src/main/java/org/sample/ListToStringBuilderBenchmark.java;24
marklogic-jena;./marklogic-jena-examples/src/main/java/com/marklogic/jena/examples/NaiveBenchmarkExample.java;1
CalculationEngine;./calculation-engine/engine-tests/engine-it-performance/src/test/java/com/dataart/spreadsheetanalytics/baseline/Baseline_A1_is_B1_plus_C1_Test.java;1
CalculationEngine;./calculation-engine/engine-tests/engine-it-performance/src/test/java/com/dataart/spreadsheetanalytics/dslookup/DSLOOKUP_Test.java;1
CalculationEngine;./calculation-engine/engine-tests/engine-it-performance/src/test/java/com/dataart/spreadsheetanalytics/dslookup/DSLOOKUP_not_found_Test.java;1
CalculationEngine;./calculation-engine/engine-tests/engine-it-performance/src/test/java/com/dataart/spreadsheetanalytics/dslookup/DSLOOKUP_vs_VLOOKUP_Test.java;2
CalculationEngine;./calculation-engine/engine-tests/engine-it-performance/src/test/java/com/dataart/spreadsheetanalytics/funcexec/FUNCEXEC_vs_PLAIN_Test.java;2
CalculationEngine;./calculation-engine/engine-tests/engine-it-performance/src/test/java/com/dataart/spreadsheetanalytics/graph/Graph_vs_Evaluate_Test.java;2
CalculationEngine;./calculation-engine/engine-tests/engine-it-performance/src/test/java/com/dataart/spreadsheetanalytics/nativepoi/CalcEngine_vs_POI_Formula_Set_Test.java;2
CalculationEngine;./calculation-engine/engine-tests/engine-it-performance/src/test/java/com/dataart/spreadsheetanalytics/nativepoi/CalcEngine_vs_POI_One_Formula_Test.java;2
CalculationEngine;./calculation-engine/engine-tests/engine-it-performance/src/test/java/com/dataart/spreadsheetanalytics/query/QUERY_Test.java;1
blog;./jmh/src/main/java/at/willhaben/blog/jmh/Main.java;5
javacode-demo;./src/main/java/org/n3r/sandbox/seckill/ArrayListAndHashSet.java;4
javacode-demo;./src/main/java/org/n3r/sandbox/seckill/FlowPackageSecKill.java;2
javacode-demo;./src/main/java/org/n3r/sandbox/seckill/MethodSearchWaysCompare.java;2
fast-select;./src/test/java/com/github/terma/fastselect/benchmark/AddAllBenchmark.java;1
fast-select;./src/test/java/com/github/terma/fastselect/benchmark/AggregateCallbackBenchmark.java;1
fast-select;./src/test/java/com/github/terma/fastselect/benchmark/CompressedStringVsStringLoadBenchmark.java;2
fast-select;./src/test/java/com/github/terma/fastselect/benchmark/CopyBenchmark.java;3
fast-select;./src/test/java/com/github/terma/fastselect/benchmark/CountBenchmark.java;1
fast-select;./src/test/java/com/github/terma/fastselect/benchmark/CreatingBenchmark.java;1
fast-select;./src/test/java/com/github/terma/fastselect/benchmark/DemoBenchmark.java;18
fast-select;./src/test/java/com/github/terma/fastselect/benchmark/DirectAccessArrayVsBitSetVsRoaringBitmapBenchmark.java;3
fast-select;./src/test/java/com/github/terma/fastselect/benchmark/DynamicBenchmark.java;2
fast-select;./src/test/java/com/github/terma/fastselect/benchmark/ForkUpdateBenchmark.java;2
fast-select;./src/test/java/com/github/terma/fastselect/benchmark/HashCodeBenchmark.java;2
fast-select;./src/test/java/com/github/terma/fastselect/benchmark/LongBufferVsPutLongBenchmark.java;3
fast-select;./src/test/java/com/github/terma/fastselect/benchmark/MappedVsBufferBenchmark.java;2
fast-select;./src/test/java/com/github/terma/fastselect/benchmark/MultiGroupCountBenchmark.java;1
fast-select;./src/test/java/com/github/terma/fastselect/benchmark/SelectByStringBenchmark.java;1
fast-select;./src/test/java/com/github/terma/fastselect/benchmark/SelectByStringCompressedByteBenchmark.java;1
fast-select;./src/test/java/com/github/terma/fastselect/benchmark/SingleGroupCountBenchmark.java;2
fast-select;./src/test/java/com/github/terma/fastselect/benchmark/StringGetBytesBenchmark.java;4
timeseries-compression;./test/uk/co/omegaprime/JMHCompressorTest.java;11
cepsim;./cepsim-benchmark/src/main/java/ca/uwo/eng/sel/cepsim/bench/CepSimBenchmark.java;1
cepsim;./cepsim-benchmark/src/main/java/ca/uwo/eng/sel/cepsim/bench/ParametersBenchmark.java;1
jpoint2016;./src/jmh/java/eu/plumbr/clean/FinalizerBenchmark.java;3
codec;./benchy/src/main/java/com/addthis/basis/chars/CharSeqAbstractExample.java;1
codec;./benchy/src/main/java/com/addthis/basis/util/BitReversalExample.java;8
codec;./benchy/src/main/java/com/addthis/codec/reflection/ReflectOps.java;2
misc;./concat/src/main/java/rnd/ConcatBenchmark.java;4
thymeleaf-benchmarks;./thymeleaf-benchmark01/src/main/java/org/thymeleaf/benchmarks/benchmark01/GTVGHome.java;1
thymeleaf-benchmarks;./thymeleaf-benchmark01/src/main/java/org/thymeleaf/benchmarks/benchmark01/GTVGOrderDetails.java;1
thymeleaf-benchmarks;./thymeleaf-benchmark01/src/main/java/org/thymeleaf/benchmarks/benchmark01/GTVGOrderList.java;1
thymeleaf-benchmarks;./thymeleaf-benchmark01/src/main/java/org/thymeleaf/benchmarks/benchmark01/GTVGProductComments.java;1
thymeleaf-benchmarks;./thymeleaf-benchmark01/src/main/java/org/thymeleaf/benchmarks/benchmark01/GTVGProductList.java;1
thymeleaf-benchmarks;./thymeleaf-benchmark02/src/main/java/org/thymeleaf/benchmarks/benchmark02/GTVGHome.java;1
thymeleaf-benchmarks;./thymeleaf-benchmark02/src/main/java/org/thymeleaf/benchmarks/benchmark02/GTVGOrderDetails.java;1
thymeleaf-benchmarks;./thymeleaf-benchmark02/src/main/java/org/thymeleaf/benchmarks/benchmark02/GTVGOrderList.java;1
thymeleaf-benchmarks;./thymeleaf-benchmark02/src/main/java/org/thymeleaf/benchmarks/benchmark02/GTVGProductComments.java;1
thymeleaf-benchmarks;./thymeleaf-benchmark02/src/main/java/org/thymeleaf/benchmarks/benchmark02/GTVGProductList.java;1
thymeleaf-benchmarks;./thymeleaf-benchmark03/src/main/java/org/thymeleaf/benchmarks/benchmark03/GTVGHome.java;1
thymeleaf-benchmarks;./thymeleaf-benchmark03/src/main/java/org/thymeleaf/benchmarks/benchmark03/GTVGOrderDetails.java;1
thymeleaf-benchmarks;./thymeleaf-benchmark03/src/main/java/org/thymeleaf/benchmarks/benchmark03/GTVGOrderList.java;1
thymeleaf-benchmarks;./thymeleaf-benchmark03/src/main/java/org/thymeleaf/benchmarks/benchmark03/GTVGProductComments.java;1
thymeleaf-benchmarks;./thymeleaf-benchmark03/src/main/java/org/thymeleaf/benchmarks/benchmark03/GTVGProductList.java;1
thymeleaf-benchmarks;./thymeleaf-benchmark04/src/main/java/org/thymeleaf/benchmarks/benchmark04/GTVGHome.java;1
thymeleaf-benchmarks;./thymeleaf-benchmark04/src/main/java/org/thymeleaf/benchmarks/benchmark04/GTVGOrderDetails.java;1
thymeleaf-benchmarks;./thymeleaf-benchmark04/src/main/java/org/thymeleaf/benchmarks/benchmark04/GTVGOrderList.java;1
thymeleaf-benchmarks;./thymeleaf-benchmark04/src/main/java/org/thymeleaf/benchmarks/benchmark04/GTVGProductComments.java;1
thymeleaf-benchmarks;./thymeleaf-benchmark04/src/main/java/org/thymeleaf/benchmarks/benchmark04/GTVGProductList.java;1
yoink;./src/jmh/java/sample/SampleBenchmark.java;1
nutria;./benchmark/src/nutria/core/ForBenchmarkJava.java;1
benchmarks;./src/main/java/org/lmdbjava/bench/Chronicle.java;2
benchmarks;./src/main/java/org/lmdbjava/bench/LevelDb.java;6
benchmarks;./src/main/java/org/lmdbjava/bench/LmdbJavaAgrona.java;6
benchmarks;./src/main/java/org/lmdbjava/bench/LmdbJavaByteBuffer.java;6
benchmarks;./src/main/java/org/lmdbjava/bench/LmdbJni.java;6
benchmarks;./src/main/java/org/lmdbjava/bench/LmdbLwjgl.java;6
benchmarks;./src/main/java/org/lmdbjava/bench/MapDb.java;6
benchmarks;./src/main/java/org/lmdbjava/bench/MvStore.java;6
benchmarks;./src/main/java/org/lmdbjava/bench/RocksDb.java;6
benchmarks;./src/main/java/org/lmdbjava/bench/Xodus.java;6
TrollCommons;./src/test/com/gmail/woodyc40/commons/AtomicVsVolatile.java;10
TrollCommons;./src/test/com/gmail/woodyc40/commons/EventTest.java;2
TrollCommons;./src/test/com/gmail/woodyc40/commons/FactoryVsCache.java;2
TrollCommons;./src/test/com/gmail/woodyc40/commons/HashBenchmark.java;3
TrollCommons;./src/test/com/gmail/woodyc40/commons/HashStructTest.java;6
TrollCommons;./src/test/com/gmail/woodyc40/commons/LockBenchmark.java;3
TrollCommons;./src/test/com/gmail/woodyc40/commons/ProxyTest.java;2
TrollCommons;./src/test/com/gmail/woodyc40/commons/ReflectVsNormal.java;2
TrollCommons;./src/test/com/gmail/woodyc40/commons/SetStructTest.java;4
TrollCommons;./src/test/com/gmail/woodyc40/commons/SynchronizationTest.java;2
TrollCommons;./src/test/com/gmail/woodyc40/commons/UnsafeProviderTest.java;2
bonaparte-java;./bonaparte-benchmarks/src/main/java/de/jpaw/bonaparte/benchmarks/BonaparteBoxedVsPrimitives.java;8
bonaparte-java;./bonaparte-benchmarks/src/main/java/de/jpaw/bonaparte/benchmarks/BonaparteDeserializers.java;3
bonaparte-java;./bonaparte-benchmarks/src/main/java/de/jpaw/bonaparte/benchmarks/BonaparteSerializers.java;7
bonaparte-java;./bonaparte-benchmarks/src/main/java/de/jpaw/bonaparte/benchmarks/StringSerializers.java;6
bonaparte-java;./bonaparte-benchmarks/src/main/java/de/jpaw/bonaparte/benchmarks/compression/LZ4.java;6
bonaparte-java;./bonaparte-benchmarks/src/main/java/de/jpaw/bonaparte/benchmarks/hash/HashCode.java;4
bonaparte-java;./bonaparte-benchmarks/src/main/java/de/jpaw/bonaparte/benchmarks/propsVsAnnos/Properties.java;4
bonaparte-java;./bonaparte-benchmarks-ext/src/main/java/de/jpaw/bonaparte/benchmarks/logger/ChronicleBench.java;1
bonaparte-java;./bonaparte-benchmarks-ext/src/main/java/de/jpaw/bonaparte/benchmarks/logger/DisruptorBench.java;1
bonaparte-java;./bonaparte-benchmarks-ext/src/main/java/de/jpaw/bonaparte/benchmarks/map/GuavaCache.java;10
bonaparte-java;./bonaparte-benchmarks-ext/src/main/java/de/jpaw/bonaparte/benchmarks/map/HazelcastMap.java;1
bonaparte-java;./bonaparte-benchmarks-ext/src/main/java/de/jpaw/bonaparte/benchmarks/map/HugeCollections.java;2
bonaparte-java;./bonaparte-benchmarks-ext/src/main/java/de/jpaw/bonaparte/benchmarks/map/JavaAndGuava.java;5
bonaparte-java;./bonaparte-benchmarks-ext/src/main/java/de/jpaw/bonaparte/benchmarks/map/MapDBBenchmark.java;4
bonaparte-java;./bonaparte-benchmarks-ext/src/main/java/de/jpaw/bonaparte/benchmarks/map/MapDBBenchmarkInMem.java;4
bonaparte-java;./bonaparte-benchmarks-ext/src/main/java/de/jpaw/bonaparte/benchmarks/map/MapDBOffHeap.java;4
faststring;./jmh-benchmarks/src/main/java/de/unifrankfurt/faststring/ExampleBenchmark.java;1
faststring;./jmh-benchmarks/src/main/java/de/unifrankfurt/faststring/XalanBenchmarks.java;7
ReactiveChannel;./src/jmh/java/hu/akarnokd/reactivechannel/ExamplePerf.java;2
regex-libraries-benchmarks;./src/main/java/net/greypanther/javaadvent/regex/RegexBenchmarks.java;2
