project,forked,watchers,stars,forks,subscribers
Netflix/feign,FALSE,1716,1716,335,276
netty/netty,FALSE,9746,9746,4775,1243
ReactiveX/RxJava,FALSE,23558,23558,4143,1754
openzipkin/zipkin,FALSE,5627,5627,851,507
druid-io/druid,FALSE,4743,4743,1132,457
square/okio,FALSE,3703,3703,601,220
grpc/grpc-java,FALSE,2631,2631,821,380
ben-manes/caffeine,FALSE,2414,2414,192,176
h2oai/h2o-3,FALSE,1943,1943,836,283
requery/requery,FALSE,1841,1841,140,77
goldmansachs/gs-collections,FALSE,1652,1652,247,204
crate/crate,FALSE,1637,1637,202,136
raphw/byte-buddy,FALSE,1495,1495,156,97
linkedin/pinot,FALSE,1475,1475,258,173
real-logic/simple-binary-encoding,FALSE,1077,1077,195,154
JCTools/JCTools,FALSE,1053,1053,149,134
spotify/apollo,FALSE,1023,1023,124,128
jbachorik/btrace,FALSE,993,993,196,166
stagemonitor/stagemonitor,FALSE,929,929,147,81
promeG/TinyPinyin,FALSE,901,901,130,28
jgrapht/jgrapht,TRUE,846,846,346,99
json-iterator/java,FALSE,623,623,143,64
relayrides/pushy,FALSE,603,603,183,134
blynkkk/blynk-server,FALSE,569,569,198,87
aol/cyclops-react,FALSE,568,568,60,72
lemire/RoaringBitmap,FALSE,529,529,107,47
RoaringBitmap/RoaringBitmap,FALSE,529,529,107,47
davidmoten/rtree,FALSE,482,482,90,41
atlassian/commonmark-java,FALSE,385,385,49,76
carrotsearch/hppc,FALSE,373,373,65,51
pcollections/pcollections,FALSE,357,357,36,27
eventsourcing/es4j,FALSE,352,352,18,21
ktoso/sbt-jmh,FALSE,347,347,47,19
junkdog/artemis-odb,FALSE,326,326,58,35
pgjdbc/pgjdbc,FALSE,322,322,249,66
fakemongo/fongo,TRUE,305,305,102,25
spring-cloud/spring-cloud-sleuth,FALSE,301,301,170,60
graalvm/truffle,FALSE,290,290,38,47
graalvm/graal-core,FALSE,281,281,52,60
apache/logging-log4j2,FALSE,256,256,194,44
JetBrains/xodus,FALSE,248,248,28,72
RobWin/javaslang-circuitbreaker,FALSE,224,224,38,21
javaslang/javaslang-circuitbreaker,FALSE,224,224,38,21
x-stream/xstream,FALSE,214,214,72,26
google/conscrypt,FALSE,212,212,32,14
dropbox/dropbox-sdk-java,FALSE,206,206,190,36
davidmoten/rxjava-extras,FALSE,202,202,16,14
airlift/airlift,FALSE,195,195,101,34
easymock/objenesis,FALSE,192,192,38,28
glowroot/glowroot,FALSE,184,184,43,27
jenetics/jenetics,FALSE,183,183,42,26
davidmoten/geo,FALSE,182,182,45,27
HubSpot/jinjava,FALSE,180,180,41,42
snazy/ohc,FALSE,175,175,31,21
opendaylight/controller,FALSE,173,173,207,68
vsch/flexmark-java,FALSE,155,155,24,23
Netflix/spectator,FALSE,152,152,49,256
akarnokd/ixjava,FALSE,148,148,6,16
dmart28/reveno,FALSE,147,147,38,32
ReactiveSocket/reactivesocket-java,FALSE,147,147,34,24
SquidPony/SquidLib,FALSE,137,137,27,24
mini2Dx/mini2Dx,FALSE,137,137,10,24
shunfei/indexr,FALSE,136,136,52,25
twitter/hpack,FALSE,135,135,36,144
johnlcox/motif,FALSE,130,130,2,13
akarnokd/RxJava2Extensions,FALSE,126,126,5,16
arnaudroger/SimpleFlatMapper,FALSE,126,126,23,8
mp911de/logstash-gelf,FALSE,121,121,26,12
reactor/reactive-streams-commons,FALSE,106,106,14,32
uber/tchannel-java,FALSE,95,95,41,2187
pinterest/jbender,FALSE,95,95,18,17
vladimir-bukhtoyarov/bucket4j,FALSE,94,94,20,9
GumTreeDiff/gumtree,FALSE,90,90,37,16
Devexperts/aprof,FALSE,90,90,9,14
fabienrenaud/java-json-benchmark,FALSE,81,81,13,9
pietermartin/sqlg,FALSE,78,78,23,10
foursquare/fsqio,FALSE,75,75,17,74
DanielThomas/spring-boot-starter-netty,FALSE,70,70,41,15
airlift/aircompressor,FALSE,70,70,10,13
eseifert/gral,FALSE,68,68,18,9
TridentSDK/Trident,FALSE,64,64,23,22
spotify/sparkey-java,FALSE,63,63,17,25
Barteks2x/CubicChunks,FALSE,63,63,15,25
paritytrading/parity,FALSE,62,62,20,15
apptik/RHub,FALSE,62,62,4,10
apptik/rxHub,FALSE,62,62,4,10
mbosecke/template-benchmark,FALSE,57,57,32,11
robinst/autolink-java,FALSE,56,56,13,5
servicefabric/servicefabric,FALSE,55,55,17,18
scalecube/scalecube,FALSE,55,55,17,18
MeteoGroup/jbrotli,FALSE,53,53,7,12
belliottsmith/injector,FALSE,53,53,8,5
apptik/jus,FALSE,53,53,6,4
Mojang/blixtser,FALSE,52,52,9,19
TridentSDK/TridentSDK,FALSE,49,49,26,23
nitsanw/jmh-samples,FALSE,48,48,17,3
spotify/completable-futures,FALSE,47,47,9,108
mikvor/hashmapTest,FALSE,44,44,17,11
eclipse/eclipselink.runtime,FALSE,43,43,60,19
kpavlov/fixio,FALSE,43,43,33,14
lmdbjava/benchmarks,FALSE,42,42,5,9
bramp/unsafe,FALSE,36,36,16,6
gvsmirnov/java-perv,FALSE,35,35,12,6
opendaylight/yangtools,FALSE,34,34,54,16
smoketurner/notification,FALSE,34,34,2,3
rxin/jvm-unsafe-utils,FALSE,33,33,13,12
arteam/100-Java-Concurrency-questions,FALSE,33,33,14,5
benalexau/hash-bench,FALSE,32,32,2,8
arnohaase/a-foundation,FALSE,30,30,7,10
netzwerg/paleo,FALSE,29,29,6,8
real-logic/benchmarks,FALSE,28,28,7,5
neowu/core-ng-project,FALSE,27,27,16,18
vsonnier/hppcrt,TRUE,27,27,2,4
Vedenin/java_in_examples,FALSE,26,26,15,8
maxdemarzi/graph_processing,FALSE,26,26,5,7
nielsbasjes/yauaa,FALSE,26,26,10,5
neo4j-contrib/neo4j-jdbc,TRUE,25,25,18,25
aNNiMON/Own-Programming-Language-Tutorial,FALSE,25,25,6,8
tools4j/decimal4j,FALSE,24,24,4,8
apache/directory-kerby,FALSE,24,24,26,7
rmpestano/cukedoctor,FALSE,23,23,10,8
allegro/json-avro-converter,FALSE,22,22,8,9
Techcable/Event4J,FALSE,22,22,5,3
burmanm/gorilla-tsc,FALSE,21,21,6,1
atlanmod/NeoEMF,FALSE,19,19,4,20
openzipkin/zipkin-reporter-java,FALSE,19,19,13,11
biboudis/clashofthelambdas,FALSE,19,19,6,5
davidmoten/rxjava2-extras,FALSE,19,19,3,3
ssaarela/javersion,FALSE,18,18,3,4
platan/idea-gradle-dependencies-formatter,FALSE,18,18,1,4
biboudis/jmh-profilers,FALSE,18,18,4,3
graalvm/mx,FALSE,17,17,30,34
thheller/shadow-pgsql,FALSE,17,17,0,2
Vanilla-Java/Microservices,FALSE,16,16,4,6
jerrinot/FieldMagic,FALSE,16,16,2,5
msteindorfer/oopsla15-artifact,FALSE,16,16,2,1
NICTA/javallier,FALSE,15,15,7,9
biboudis/streamalg,FALSE,15,15,1,6
winklerm/phreak-examples,FALSE,15,15,5,5
junkdog/entity-system-benchmarks,FALSE,15,15,6,4
Swrve/rate-limited-logger,FALSE,14,14,2,59
cryptomator/cryptolib,FALSE,14,14,6,9
kno10/reversegeocode,FALSE,13,13,1,4
davidmoten/rtree-3d,FALSE,13,13,5,2
Squarespace/template-compiler,FALSE,12,12,3,23
vladimir-bukhtoyarov/rolling-metrics,FALSE,12,12,4,5
vongosling/jvm-serializer,FALSE,12,12,10,5
vladimir-bukhtoyarov/metrics-core-hdr,FALSE,12,12,4,5
cache2k/cache2k-benchmark,FALSE,12,12,2,3
martijnvg/elasticsearch,TRUE,12,12,3,2
trautonen/logback-ext,FALSE,12,12,26,1
FIXTradingCommunity/silverflash,FALSE,11,11,1,11
Mercateo/rest-schemagen,FALSE,11,11,8,7
huxi/sulky,FALSE,11,11,2,2
jchambers/jvptree,FALSE,11,11,2,2
akarnokd/rxjava2-backport,FALSE,11,11,1,1
Graylog2/graylog-plugin-pipeline-processor,FALSE,10,10,11,17
vlsi/compactmap,FALSE,10,10,2,4
RichardWarburton/java-final-benchmark,FALSE,10,10,4,3
titorenko/quick-csv-streamer,FALSE,10,10,1,2
Domo42/saga-lib,FALSE,9,9,5,9
OpenHFT/jvm-micro-benchmarks,FALSE,9,9,7,7
danielnorberg/rut,FALSE,9,9,4,2
jsubercaze/simhashdb,FALSE,9,9,4,2
udoprog/tiny-async-java,FALSE,9,9,7,1
orfjackal/cqrs-hotel,FALSE,9,9,0,1
arienkock/parallelism-benchmarks,FALSE,9,9,2,1
automenta/narchy,FALSE,8,8,0,7
akarnokd/akarnokd-misc,FALSE,8,8,3,3
s4ke/moar,FALSE,8,8,0,3
vladimirdolzhenko/gflogger,FALSE,8,8,3,2
xysun/sbe-erlang,FALSE,8,8,0,2
lucwillems/JavaLinuxNet,FALSE,8,8,3,2
gvsmirnov/jmh-gradle-sample,FALSE,8,8,2,1
cryptomator/siv-mode,FALSE,7,7,1,6
tudorv91/SparkJNI,FALSE,7,7,4,3
lemire/microbenchmarks,FALSE,7,7,1,2
tdunning/t-digest-benchmark,FALSE,7,7,3,2
ttsiodras/HexSpeak,FALSE,7,7,1,1
Squarespace/less-compiler,FALSE,6,6,3,21
larusba/neo4j-jdbc,FALSE,6,6,22,16
cinnober/msgcodec,FALSE,6,6,3,16
immutables/samples,FALSE,6,6,0,6
cheremin/fastlogger,FALSE,6,6,2,4
peptos/traffic-shm,FALSE,6,6,1,3
nithril/sandbox-query-benchmark-jooq-hibernate-jdbc,FALSE,6,6,4,2
chrisvest/object-pool-benchmarks,FALSE,6,6,2,2
bingoohuang/westcache,FALSE,6,6,2,2
shakamunyi/beam,FALSE,6,6,0,1
tobijdc/PRNG-Performance,FALSE,6,6,0,1
presidentio/test-data-generator,FALSE,6,6,1,1
Zappos/zappos-json,FALSE,5,5,1,6
ibodrov/bpm,FALSE,5,5,1,5
paninij/paninij,FALSE,5,5,4,4
alexeyr/pcg-java,FALSE,5,5,2,4
debop/debop4k,FALSE,5,5,1,2
nicoulaj/jmh-utils,FALSE,5,5,0,1
karlicoss/autohash,FALSE,5,5,1,1
protobufel/protobuf-el,FALSE,5,5,0,1
tootedom/spray-cache-spymemcached,FALSE,5,5,1,1
almondtools/stringbench,FALSE,5,5,3,1
wavesoftware/java-eid-exceptions,FALSE,5,5,2,1
taichi/json-benchmarks,FALSE,5,5,3,1
nitsanw/safepoint-experiments,FALSE,5,5,0,1
plokhotnyuk/scala-vs-java,FALSE,5,5,2,1
firebase/netty,TRUE,4,4,2,57
dimagi/commcare-core,FALSE,4,4,7,23
AdoptOpenJDK/vmbenchmarks,TRUE,4,4,0,15
golo-lang/golo-jmh-benchmarks,FALSE,4,4,0,15
benjchristensen/RxJava,TRUE,4,4,3,10
RapidPM/rapidpm-microservice,FALSE,4,4,3,10
JavaMicroService/rapidpm-microservice,FALSE,4,4,3,10
JetBrains-Research/viktor,FALSE,4,4,0,7
anonl/nvlist,FALSE,4,4,1,3
intropro/prairie,FALSE,4,4,3,3
srvaroa/jbcnconf,FALSE,4,4,4,3
CodeFX-org/lab-java8streamperformancebenchmark,FALSE,4,4,4,3
jjenkov/iap-tools-java-benchmarks,FALSE,4,4,4,3
b0ch3nski/rtla,FALSE,4,4,3,2
lukas-krecan/java8-playground,FALSE,4,4,1,2
m0wfo/false-sharing-demo,FALSE,4,4,1,2
tkowalcz/presentations,FALSE,4,4,1,1
irobertson/invokedynamic-talk-code,FALSE,4,4,1,1
udoprog/tiny-serializer-java,FALSE,4,4,1,1
davidmoten/audio-recognition,FALSE,4,4,2,1
arnaudroger/orm-benchmark,FALSE,4,4,0,1
gunnarmorling/hibernate-validator,TRUE,4,4,0,1
smoketurner/uploader,FALSE,4,4,1,1
komiya-atsushi/fast-rng-java,FALSE,4,4,0,0
cpoepke/demos,FALSE,4,4,1,0
spriet2000/vertx-http-router,FALSE,4,4,4,0
marklogic/marklogic-jena,FALSE,3,3,10,22
DataArt/CalculationEngine,FALSE,3,3,0,21
conversant/disruptor_benchmark,FALSE,3,3,0,8
ConSol/parallel-streams-example,TRUE,3,3,3,7
willhaben/blog,FALSE,3,3,2,5
johnaimes1a/f1x,FALSE,3,3,2,5
Java-Courses/collections-m0e4,FALSE,3,3,1,3
britter/to-array-benchmark,FALSE,3,3,0,3
vibneiro/dispatching,FALSE,3,3,1,2
amsa-code/risky,FALSE,3,3,4,2
bingoohuang/javacode-demo,FALSE,3,3,1,2
eranharel/memcached-java-clients-benchmark,FALSE,3,3,2,2
terma/fast-select,FALSE,3,3,4,1
yrcourage/netty,FALSE,3,3,1,1
batterseapower/timeseries-compression,FALSE,3,3,0,1
virsox/cepsim,FALSE,3,3,0,1
iNikem/jpoint2016,FALSE,3,3,0,1
SerCeMan/reflection-access-tests,FALSE,3,3,0,0
addthis/codec,FALSE,2,2,3,20
maxifier/mxcache,FALSE,2,2,3,12
puniverse/RxJava,TRUE,2,2,0,5
TechEmpower/misc,FALSE,2,2,1,4
thymeleaf/thymeleaf-benchmarks,FALSE,2,2,1,4
wallerlab/yoink,FALSE,2,2,1,4
gregor-i/nutria,FALSE,2,2,0,3
tullyliu/dynamicbean,FALSE,2,2,1,3
cleberecht/singa,FALSE,2,2,0,3
ThomasKrieger/benchmarks,FALSE,2,2,1,2
ennerf/flatbuffers-java-benchmark,FALSE,2,2,3,2
AgentTroll/TrollCommons,FALSE,2,2,1,2
jpaw/bonaparte-java,FALSE,2,2,2,2
jayware/entity-essentials,FALSE,2,2,1,2
DavideD/hibernate-ogm,TRUE,2,2,4,1
ghxandsky/benchmarx,TRUE,2,2,0,1
fizzed/template-benchmark,TRUE,2,2,0,1
prasanthj/hasher,FALSE,2,2,4,1
spriet2000/handlers,FALSE,2,2,0,1
wondee/faststring,FALSE,2,2,0,1
akarnokd/ReactiveChannel,FALSE,2,2,0,1
jkinable/jgrapht,TRUE,2,2,1,1
gpanther/benchmark-arraycopy,FALSE,2,2,1,1
gpanther/regex-libraries-benchmarks,FALSE,2,2,2,1
okrische/RoaringBitmap,TRUE,2,2,0,1
akarnokd/RxJava,TRUE,2,2,1,1
JervenBolleman/java-benchmarks,FALSE,2,2,0,1
nicoulaj/microbenchmarks,FALSE,2,2,0,1
evanj/expire-threadlocal,FALSE,2,2,0,0
prasanthj/bloomfilter,FALSE,2,2,0,0
comsysto/jmh-gradle-plugin,TRUE,1,1,0,63
droolsjbpm/kie-benchmarks,FALSE,1,1,4,9
jbonofre/incubator-beam,TRUE,1,1,0,8
darwin-evolution/darwin,FALSE,1,1,0,6
thelastpickle/cassandra,TRUE,1,1,0,5
RTBHOUSE/neural-network-native-ops,FALSE,1,1,3,5
motlin/eclipse-collections,TRUE,1,1,0,4
wenerme/seq,FALSE,1,1,1,3
drankye/directory-kerby,TRUE,1,1,0,3
d0k1/groovy-eval-bench,FALSE,1,1,0,2
reific/braid,FALSE,1,1,1,2
oblac/java-common-benchmarks,FALSE,1,1,1,2
taichi/jmh-gradle-ide,FALSE,1,1,0,2
coconut2015/cookjson,FALSE,1,1,0,2
RobAustin/byte-buddy,TRUE,1,1,1,2
Lawrence-zxc/springStarter,FALSE,1,1,3,2
abhijitsarkar/java,FALSE,1,1,2,2
canepat/Helios,FALSE,1,1,0,2
akarnokd/reactive-streams-impl,FALSE,1,1,0,2
jnordwick/zerog-grisu,FALSE,1,1,0,2
escalate42/Javaz-Benchmarks,FALSE,1,1,0,2
brharrington/spectator,TRUE,1,1,0,1
taer/lettuce,TRUE,1,1,1,1
wesleyegberto/courses-projects,FALSE,1,1,0,1
fpavageau/bench-filters,FALSE,1,1,0,1
notsyncing/lightfur,FALSE,1,1,0,1
d0k1/istree,FALSE,1,1,0,1
agdphd/jgrapht,TRUE,1,1,0,1
ecki/jmhbench-cryptospeed,FALSE,1,1,1,1
rafamonteiro/SerializationProtocolsBenchMark,FALSE,1,1,0,1
salyh/jsr353-benchmark,FALSE,1,1,1,1
octabase/fnr-java,FALSE,1,1,0,1
marksantos/simple-binary-encoding,TRUE,1,1,0,1
akashche/tzdata-jmh,FALSE,1,1,0,1
Abnaxos/guards,FALSE,1,1,0,1
toyama0919/presto,TRUE,1,1,0,1
maxdemarzi/neo_dislikes,FALSE,1,1,0,1
acisternino/narjillos-math-bench,FALSE,1,1,0,1
mcanthony/presto,TRUE,1,1,0,1
zxs/druid,TRUE,1,1,0,1
slandelle/netty,TRUE,1,1,0,1
msteindorfer/jmh,FALSE,1,1,0,1
d0k1/acache,FALSE,1,1,0,1
alexo/spinner,FALSE,1,1,0,1
cinquin/mutinack,FALSE,1,1,0,1
bckfnn/taggersty,FALSE,1,1,0,1
yanchith/pattern,FALSE,1,1,0,1
tjake/cassandra,TRUE,1,1,0,1
robertdale/tinkerpop,TRUE,1,1,0,1
arnaudroger/mapping-benchmark,FALSE,1,1,1,1
underyx/pgjdbc,TRUE,1,1,0,1
dain/aircompressor,TRUE,1,1,0,1
cheremin/scalarization,FALSE,1,1,0,1
martint/slice,TRUE,1,1,0,1
incubos/yoctodb,TRUE,1,1,0,1
maxdemarzi/ChronicleGraph,FALSE,1,1,1,1
tasomaniac/caffeine,TRUE,1,1,0,1
brettwooldridge/HikariJSON-benchmark,FALSE,1,1,0,1
dskinner/SiftXml,TRUE,1,1,0,1
rsby/gunmetal,TRUE,1,1,0,1
twineworks/collections,FALSE,1,1,0,1
isalnikov/ACMP,FALSE,1,1,0,1
nickman/UnsafeAdapter,FALSE,1,1,0,1
spiffykahuna/TIJ4-code_idea,FALSE,1,1,0,1
jajir/jblinktree,FALSE,1,1,0,1
nvoron23/incubator-calcite,TRUE,1,1,0,1
morj/xodus,TRUE,1,1,0,1
patrickpilch/Flyweight-Test,FALSE,1,1,0,1
nezihyigitbasi/presto,TRUE,1,1,0,1
Mart-Bogdan/vertx-hello,FALSE,1,1,2,1
amoAHCP/JavaOne2015JavaFXPitfalls,FALSE,1,1,0,1
davidhagar/java-microbenchmarks,FALSE,1,1,0,1
rodolfodpk/myeslib2,FALSE,1,1,2,1
mauricionr/Hystrix,TRUE,1,1,0,0
volkodava/disruptor-benchmark-tests,FALSE,1,1,0,0
soenter/netty,TRUE,1,1,0,0
Alex-Diez/Java-Algorithms,FALSE,1,1,0,0
virur7/netty,TRUE,1,1,0,0
Gohla/persistent-graph,FALSE,1,1,0,0
pinotlytics/pinot,TRUE,1,1,0,0
rolve/better-checks,FALSE,1,1,0,0
basho-labs/java-client-bench,FALSE,0,0,0,59
aerofs/netty,TRUE,0,0,0,32
liquidm/druid,TRUE,0,0,0,31
finn-no/serdes-shootout,FALSE,0,0,2,30
WANdisco/amplab-hive,TRUE,0,0,0,23
smartnews/presto,TRUE,0,0,0,23
tubemogul/druid,TRUE,0,0,0,16
takari/presto,TRUE,0,0,0,15
camunda/camunda-engine-dmn-benchmark,FALSE,0,0,2,14
DiceHoldingsInc/orientdb,TRUE,0,0,0,13
TU-Berlin-SNET/tresor-pdp-caching,FALSE,0,0,0,9
martint/presto,TRUE,0,0,1,9
erichwang/presto,TRUE,0,0,0,8
abstools/timsort-benchmark,FALSE,0,0,0,8
typetools/commons-bcel,TRUE,0,0,0,7
abersnaze/RxJava,TRUE,0,0,0,7
wotifgroup/wotif-logutils,FALSE,0,0,0,6
lingochamp/presto,TRUE,0,0,2,6
LuminateWireless/grpc-java,TRUE,0,0,0,6
gameduell/eclipselink.runtime,TRUE,0,0,0,6
kevoree-modeling/benchmark,FALSE,0,0,0,6
tschechlovdev/jabref,TRUE,0,0,0,5
ayanai1/jabref,TRUE,0,0,0,5
igorgallon/DC-UFSCar-ES2-201601--GrupoAbeliano,FALSE,0,0,0,5
CrispOSS/prime-sieves,FALSE,0,0,0,5
tweakers-dev/objectpool-benchmarks,FALSE,0,0,0,5
SoatGroup/benchamrk-lambda,FALSE,0,0,0,5
dabla/parallel-iterable,FALSE,0,0,1,3
SlimRoms/android_external_okhttp,FALSE,0,0,3,3
coder-press/crazy-soap,FALSE,0,0,1,3
apptik/joio,FALSE,0,0,0,3
shashankasharma/commons-csv,TRUE,0,0,0,3
restfb/restfb-benchmark,FALSE,0,0,0,3
immortius/gestalt,TRUE,0,0,0,2
j-musca/kata08-conflicting-objectives,FALSE,0,0,1,2
sunchao/presto,TRUE,0,0,0,2
jkirsch/spex,FALSE,0,0,1,2
cogmission/htm.java,TRUE,0,0,0,2
pujav65/incubator-rya,TRUE,0,0,0,2
gAmUssA/hazelcast-mongo-experiments,FALSE,0,0,0,2
centic9/poi-benchmark,FALSE,0,0,1,2
mcberg2016/graal-core,TRUE,0,0,0,2
trask/glowroot,TRUE,0,0,2,2
jpaw/jpaw,FALSE,0,0,1,2
franz1981/activemq-artemis,TRUE,0,0,1,2
zhenxiao/parquet-mr,TRUE,0,0,1,2
wrmsr/presto,TRUE,0,0,1,2
aitusoftware/flute,FALSE,0,0,0,2
jacques-n/incubator-calcite,TRUE,0,0,0,2
ThreeTen/threeten-bench,FALSE,0,0,1,2
eXistence/TeeTime-Cpp,FALSE,0,0,0,2
jasobrown/barker,FALSE,0,0,0,2
carlyeks/cassandra,TRUE,0,0,0,2
lizhanhui/data_druid,TRUE,0,0,0,2
branches-cc/rtree,TRUE,0,0,0,2
cpiotr/parallel-streams,FALSE,0,0,0,1
KurtYoung/druid,TRUE,0,0,0,1
dmnlukasik/java-8-concurrency-updates,FALSE,0,0,0,1
elliottneilclark/time-test,FALSE,0,0,0,1
BrentDouglas/vial,FALSE,0,0,1,1
jxqlovejava/RxJavaParallel,TRUE,0,0,0,1
elitecodegroovy/log4j2,FALSE,0,0,0,1
vyazelenko/jmh-gradle-plugin,TRUE,0,0,0,1
suyimin/caffeine,TRUE,0,0,0,1
mehant/incubator-calcite,TRUE,0,0,0,1
stevegury/reactivesocket-java,TRUE,0,0,0,1
FieldFlux/orbit,TRUE,0,0,0,1
smartpcr/druid,TRUE,0,0,0,1
besza/jgrapht,TRUE,0,0,0,1
jdivy/netty,TRUE,0,0,0,1
txazo/java,FALSE,0,0,1,1
BunnyWei/truffle-llvmir,FALSE,0,0,0,1
mnuessler/metrics,TRUE,0,0,0,1
jharting/weld-collections-benchmark,FALSE,0,0,1,1
nitram509/intellij-idea-plugin-serializer-toolbox,FALSE,0,0,0,1
marksutt/commonmark-java,TRUE,0,0,0,1
krichter722/jdk9-jdk9-jdk,FALSE,0,0,0,1
svashisth/java-perv,TRUE,0,0,0,1
ruhkopf/Hystrix,TRUE,0,0,0,1
epickrram/lock-contention,FALSE,0,0,0,1
svstanev/presto,TRUE,0,0,0,1
lburgazzoli/logging-log4j2,TRUE,0,0,0,1
henri-tremblay/microbenchmarkingwithjmh,FALSE,0,0,0,1
luyiisme/netty,TRUE,0,0,0,1
mwringe/hawkular-metrics,TRUE,0,0,0,1
nishantmonu51/druid,TRUE,0,0,0,1
benalexau/simple-binary-encoding,TRUE,0,0,0,1
mox601/mybatis-pool-jmh,FALSE,0,0,0,1
sungsoo/optiq-project,FALSE,0,0,0,1
kexianda/commons-crypto,TRUE,0,0,0,1
PascalSchumacher/byte-buddy,TRUE,0,0,0,1
thaibui/algorithms-core,FALSE,0,0,0,1
sheenammittal7/directory-kerby,TRUE,0,0,0,1
philandstuff/dropwizard,TRUE,0,0,0,1
fabito/togglz,TRUE,0,0,0,1
fenderstr/super-bench,FALSE,0,0,0,1
harishsharma/junk,FALSE,0,0,0,1
rspieldenner/spectator,TRUE,0,0,0,1
dflemstr/missinglink,TRUE,0,0,0,1
witi83/jmh-streams,FALSE,0,0,0,1
cawallin/presto,TRUE,0,0,0,1
mugglmenzel/presto,TRUE,0,0,0,1
PhillHenry/palgorithms,FALSE,0,0,0,1
roboxue/librepsheet-java,TRUE,0,0,0,1
marko-bekhta/hibernate-validator,TRUE,0,0,0,1
mosoft521/jodd,TRUE,0,0,0,1
eonezhang/servo,TRUE,0,0,0,1
EvilMcJerkface/atlasdb,TRUE,0,0,0,1
ruediste/salta-benchmark,FALSE,0,0,0,1
d0k1/jitloganalyzer,FALSE,0,0,0,1
eljobe/experiments,FALSE,0,0,0,1
Pitt112/night-hawk,FALSE,0,0,0,1
milimetric/druid,TRUE,0,0,0,1
sormuras/treasure,FALSE,0,0,0,1
nickman/json-benchmark,FALSE,0,0,0,1
drankye/bufferalloc,FALSE,0,0,0,1
josegom/training,FALSE,0,0,0,1
shuyangzhou/netty,TRUE,0,0,0,1
davecramer/pgjdbc,TRUE,0,0,0,1
jchambers/netty,TRUE,0,0,0,1
jacek-rzrz/RxJava,TRUE,0,0,0,1
debmalya/vigilant-tribble,FALSE,0,0,0,1
Techcable/netty,TRUE,0,0,0,1
xnslong/logging-log4j2,TRUE,0,0,0,1
johngmyers/airlift,TRUE,0,0,0,1
antag99/artemis-odb,TRUE,0,0,0,1
srvaroa/RxJava,TRUE,0,0,0,1
akarnokd/JCTools,TRUE,0,0,0,1
MarkBruns/Hystrix,TRUE,0,0,0,1
lexas2509/perf,FALSE,0,0,0,1
pdemanget/examples,FALSE,0,0,0,1
wuyinxian124/netty,TRUE,0,0,0,1
denizdemir/presto,TRUE,0,0,0,1
Lessnic/CAISS,FALSE,0,0,0,1
maximenajim/nashorn-react-jmh-microbenchmark,FALSE,0,0,0,1
mbosecke/pebble-benchmark,FALSE,0,0,1,1
gianm/druid,TRUE,0,0,0,1
kawasima/copyfile-benchmark,FALSE,0,0,0,1
pisfly/Chronicle-Queue,TRUE,0,0,0,1
rslemos/pet-grammars,FALSE,0,0,0,1
Tammie47/inspectIT,TRUE,0,0,0,1
gorcz/Hystrix,TRUE,0,0,0,1
gensym/jmh-lein-example,FALSE,0,0,0,1
jhalliday/hibernate-ogm,TRUE,0,0,0,1
nurkiewicz/RxJava,TRUE,0,0,0,1
mcculls/cglib,TRUE,0,0,0,1
DLotts/incubator-rya,TRUE,0,0,0,1
person-lee/nlp,FALSE,0,0,0,1
marcust/stagemonitor,TRUE,0,0,0,1
andreytim/jafar,FALSE,0,0,1,1
mpwaller/diet-yoink,FALSE,0,0,0,1
ambro2/jabref,TRUE,0,0,0,1
fbaro/jpack,FALSE,0,0,0,1
awood/crl-stream,FALSE,0,0,0,1
tbrooks8/netty,TRUE,0,0,0,1
nikarh/equals-builder,FALSE,0,0,0,1
windie/netty,TRUE,0,0,0,1
shitikanth/jabref,TRUE,0,0,0,1
asimihsan/jmh-gradle-anagrams,FALSE,0,0,0,1
areese/JavaTheCostOfDoingNothing,FALSE,0,0,1,1
zsxwing/RxJava,TRUE,0,0,0,1
reboss/Hystrix,TRUE,0,0,0,1
dcapwell/collections,FALSE,0,0,0,1
jbripley/RxJava,TRUE,0,0,0,1
kojiyokota/jabref,TRUE,0,0,0,1
fpavageau/bench-for-name,FALSE,0,0,1,1
electrum/slice,TRUE,0,0,0,1
mangeshpardeshiyahoo/druid,TRUE,0,0,0,1
dryuf/dryuf-concurrent,FALSE,0,0,1,1
lotusws/btrace,TRUE,0,0,0,1
victor-cr/template-text-parser,FALSE,0,0,0,1
ryankennedy/dropwizard,TRUE,0,0,0,1
chriswins2much/golo-lang,TRUE,0,0,0,1
conchlee/grpc-java,TRUE,0,0,0,1
volodin-aa/openjdk-benchmark,FALSE,0,0,0,1
udoprog/scribe,FALSE,0,0,0,1
voidException/java-8-lambdas-exercises,TRUE,0,0,0,1
tkao1000/pinot,TRUE,0,0,0,1
renoth/texxxxas,FALSE,0,0,0,1
tsdl2013/SimpleFlatMapper,TRUE,0,0,0,1
jf367/presto,TRUE,0,0,0,1
orangelynx/Trident,TRUE,0,0,0,1
IRus/Instanceof-vs-Try-Catch,FALSE,0,0,0,1
panchenko/pgjdbc,TRUE,0,0,0,1
buchgr/grpc-java,TRUE,0,0,0,1
dyu/protostuff,TRUE,0,0,0,1
fpavageau/bench-simple-name,FALSE,0,0,0,1
udoprog/tiny-ogt,FALSE,0,0,0,1
michaelhixson/jmh-benchmark-listof,FALSE,0,0,0,1
kratorius/cuckoohash,FALSE,0,0,0,1
tfgm-bud/simple-binary-encoding,TRUE,0,0,0,1
tzaeschke/distributed-phtree,FALSE,0,0,1,1
michaljonko/blog-examples,FALSE,0,0,0,1
arnaudroger/jmh-exp,FALSE,0,0,0,1
kvr000/zbynek-java-exp,FALSE,0,0,0,1
Siedlerchr/jabref,TRUE,0,0,0,1
almondtools/regexbench,FALSE,0,0,0,1
yshaojie/Hystrix,TRUE,0,0,0,1
seetharamireddy540/netty,TRUE,0,0,0,1
epickrram/lock-benchmark,FALSE,0,0,0,1
girirajsharma/elasticsearch,TRUE,0,0,0,1
jregistr/Academia,FALSE,0,0,0,1
artspb/javax-mail-pool,FALSE,0,0,0,1
tkowalcz/openjdk-jmh,FALSE,0,0,0,1
davidbecker/SquidLib,TRUE,0,0,0,1
Ajeet-Ganga/howToGuide,FALSE,0,0,0,1
gpanther/lychrel-numbers,FALSE,0,0,0,1
thomasnield/rxjava-jdbc,TRUE,0,0,0,1
xingguang2013/gs-collections,TRUE,0,0,0,1
arnaudroger/sfm-csv-variability,FALSE,0,0,0,1
witi83/jmh-primitive-data-types,FALSE,0,0,0,1
volodarsky/zephyr-benchmark,TRUE,0,0,0,1
hamance/ODL-controller,FALSE,0,0,0,1
robertroeser/reactivesocket-java,TRUE,0,0,0,1
fiedukow/presto,TRUE,0,0,0,1
pcadabam/gobblin,TRUE,0,0,0,1
sujanctg2005/test-project,FALSE,0,0,0,1
fabri1983/menuapp,FALSE,0,0,0,1
mwassil/inspectIT,TRUE,0,0,0,1
hyangtack/netty,TRUE,0,0,0,1
wrwg/grpc-java,TRUE,0,0,0,1
mikeb01/scratch,FALSE,0,0,0,1
randiroe/dropwizard,TRUE,0,0,0,1
jasonchaffee/parseq,TRUE,0,0,0,1
nypi/porter-stemmer,FALSE,0,0,0,1
PhantomYdn/orientdb,TRUE,0,0,0,1
jforge/rapidpm-microservice,TRUE,0,0,0,1
mikeb01/benchmarks,TRUE,0,0,0,1
fenderstr/my-bench,FALSE,0,0,0,1
jessefugitt/nuklei,TRUE,0,0,0,1
newkek/incubator-tinkerpop,TRUE,0,0,0,1
hmarchadour/EasyCDO,FALSE,0,0,0,1
mono-plane/airlift,FALSE,0,0,0,1
blalasaadri/junit-lambda-benchmark,FALSE,0,0,0,1
kvr000/zbynek-concurrent-pof,FALSE,0,0,0,1
charlesccychen/incubator-beam,TRUE,0,0,0,1
mythguided/basis,TRUE,0,0,0,1
rgorodischer/microbenchmarks,FALSE,0,0,1,1
glimpseio/incubator-calcite,TRUE,0,0,0,1
RaysaOliveira/cloudsim-plus,TRUE,0,0,0,1
victor-cr/threadlocal-benchmark,FALSE,0,0,0,1
cfieber/spectator,TRUE,0,0,0,1
planetsizebrain/stringbundler-tests,FALSE,0,0,0,1
dcapwell/jmh-tests,FALSE,0,0,0,1
vic/byte-buddy,TRUE,0,0,0,1
mrserb/benchmarks,FALSE,0,0,0,1
mohanaraosv/commons-bcel,TRUE,0,0,0,1
robinst/microbenchmarks,FALSE,0,0,0,1
chandresh-pancholi/ignite,TRUE,0,0,0,1
mkouba/template-benchmark,TRUE,0,0,0,1
aaronzirbes/RxGroovy,TRUE,0,0,0,1
kietly/presto,TRUE,0,0,0,1
yngui/jephyr-benchmark,FALSE,0,0,1,1
cschenyuan/hive-hack,FALSE,0,0,0,1
jmnarloch/trie,FALSE,0,0,0,1
gensym/hikesaber,FALSE,0,0,0,1
ioc1778/incubator,FALSE,0,0,0,1
UniKnow/htm.java,TRUE,0,0,0,1
andrey-vasilyev/gosthash,FALSE,0,0,0,1
wesamhaboush/furmat,FALSE,0,0,0,1
bearmug/x-traktor-core,FALSE,0,0,1,1
salyh/a-foundation,TRUE,0,0,0,1
irobertson/StringBuilderInvokeDynamicBenchmark,FALSE,0,0,0,1
izzizz/pinot,TRUE,0,0,0,1
tempbottle/netty-zmtp,TRUE,0,0,0,1
jayjaylab-benchmark/retrofitvsokhttp,FALSE,0,0,0,1
shenguoquan/netty,TRUE,0,0,0,1
mono-plane/presto,FALSE,0,0,0,1
leveyj/ignite,TRUE,0,0,0,1
jfaleiro/keyvalue,FALSE,0,0,0,1
bassemZohdy/SimpleUtils,FALSE,0,0,0,1
areese/TestUTF8Decoding,FALSE,0,0,0,1
LucasPickering/terrain-gen,FALSE,0,0,0,1
marcomorain/rate-limited-logger,TRUE,0,0,0,1
MartinanderssonDotcom/money-profiling,FALSE,0,0,0,1
jad7/AtomicIncrementBenchmark,FALSE,0,0,0,1
leeyikjiun/blog,FALSE,0,0,0,1
DanielSperry/orbit,TRUE,0,0,1,1
stanculescu/gateway,TRUE,0,0,0,1
entrepidea/projects,FALSE,0,0,0,1
haozhun/regexp-bench,FALSE,0,0,0,1
sluk3r/cassandra,TRUE,0,0,0,1
rschatz/graal-core,TRUE,0,0,0,1
insano10/puzzlers,FALSE,0,0,0,1
mp911de/hibernate-ogm,TRUE,0,0,0,1
matthew-dailey/java-playaround,FALSE,0,0,0,1
arcanefoam/jgrapht,TRUE,0,0,0,1
thkluge/inspectIT,TRUE,0,0,0,1
XClouded/t4f-core,FALSE,0,0,0,1
247687009/tchannel-java,TRUE,0,0,0,1
pombreda/btrace-hg,FALSE,0,0,0,1
ipogudin/examples,FALSE,0,0,0,1
eun-ice/netty,TRUE,0,0,0,1
xquery/marklogic-sesame,TRUE,0,0,0,1
smarr/GraalCompiler,FALSE,0,0,0,1
b-slim/druid,TRUE,0,0,1,1
rafaeljribeiro/reversegeocode,TRUE,0,0,0,1
arturotena/ExperimentalStuff,FALSE,0,0,0,1
dimitrovchi/enum-like,FALSE,0,0,0,1
mkraemerx/algorithm-art,FALSE,0,0,0,1
lburgazzoli/apache-logging-log4j2,TRUE,0,0,0,1
uujava/cqengine-query-jmh,FALSE,0,0,0,1
chosen0ne/btrace,TRUE,0,0,0,1
amoghmargoor/incubator-calcite,TRUE,0,0,0,1
eonezhang/grpc-java,TRUE,0,0,0,1
thomasdarimont/JCTools,TRUE,0,0,0,1
zhoupan/feign,TRUE,0,0,0,1
522986491/yangtools,TRUE,0,0,0,1
rschmitt/invokedynamic-proxy,TRUE,0,0,0,1
pcj/commonmark-java,TRUE,0,0,0,1
kgilmer/XMLObjectIterable,FALSE,0,0,0,1
nithril/packedobject-test,FALSE,0,0,0,1
moujian/grpc-java,TRUE,0,0,0,1
epickrram/jvm-warmup-talk,FALSE,0,0,0,1
summerhai/ohc,TRUE,0,0,0,1
cchang738/parquet-mr,TRUE,0,0,0,1
gdrouet/scanner-benchmark,FALSE,0,0,0,1
gssiyankai/RoaringBitmap,TRUE,0,0,0,1
KevinTCoughlin/RxJava,TRUE,0,0,0,1
arjunswaj/Java8,FALSE,0,0,0,1
zsurocking/grpc-java,TRUE,0,0,0,1
f1xmAn/bindable-executors,FALSE,0,0,0,1
jmnarloch/feign,TRUE,0,0,0,1
tbrooks8/quasar,TRUE,0,0,0,1
kratorius/jelf,FALSE,0,0,0,1
mackstone/JCTools,TRUE,0,0,0,1
christhalinger/graal-core,TRUE,0,0,0,1
audit4j/audit4j-benchmarks,FALSE,0,0,1,1
androidyue/RxJava,TRUE,0,0,0,1
LiveMyKarma/Finalizer,FALSE,0,0,0,1
PizzaCrust/Trident,TRUE,0,0,0,1
pdeva/druid,TRUE,0,0,0,1
Gilandel/utils,FALSE,0,0,0,1
vladimirdolzhenko/hashCodeLegend,FALSE,0,0,0,1
amoAHCP/Java8LunchSchool,FALSE,0,0,2,1
asympro/CleanStringBuilderBenchmark,FALSE,0,0,0,1
VladimirErshov/ignite,TRUE,0,0,0,1
aslanbekirov/crate,TRUE,0,0,0,1
jforge/Hystrix,TRUE,0,0,0,1
toxeh/presto,TRUE,0,0,0,1
lqbweb/logging-log4j2,TRUE,0,0,0,1
irudyak/objenesis,TRUE,0,0,0,1
rayrobdod/deductionTactics,FALSE,0,0,0,1
sunios/btrace,TRUE,0,0,0,1
sbwdlihao/chainj,FALSE,0,0,0,1
ruslan-sverchkov/aho-corasick,FALSE,0,0,0,1
uliashkevich/native-struct,FALSE,0,0,0,1
bridenbrad/misc,FALSE,0,0,0,1
jcanizales/grpc-java,TRUE,0,0,0,1
louiscryan/netty,TRUE,0,0,0,1
pford68/htm.java,TRUE,0,0,0,1
taltmann/dropwizard,TRUE,0,0,0,1
jpaw/fixedpoint,FALSE,0,0,0,1
lewadik/jhmbe,FALSE,0,0,0,1
wangsan/Hystrix,TRUE,0,0,0,1
chelu/htm.java,TRUE,0,0,0,1
mrijke/druid,TRUE,0,0,0,1
davleopo/graal-core,TRUE,0,0,0,1
jpxiong/okio,TRUE,0,0,0,1
tietang/rxjava-jdbc,TRUE,0,0,0,1
pisfly/logging-log4j2,TRUE,0,0,0,1
jaredstehler/jinjava,TRUE,0,0,0,1
yngui/zephyr-benchmark,FALSE,0,0,1,1
wyukawa/presto,TRUE,0,0,0,1
davidmoten/RxJava,TRUE,0,0,0,1
chenshu/jmh-example,FALSE,0,0,0,1
darach/message-codec-bench,FALSE,0,0,1,1
dmlloyd/openjdk-modules,FALSE,0,0,0,1
CHmoonKa/json-libraries-jmh,FALSE,0,0,0,1
sybila/ode-generator,FALSE,0,0,0,1
gavlyukovskiy/guava-commons,FALSE,0,0,0,1
tempbottle/hibernate-ogm,TRUE,0,0,0,1
InvisibleTech/state,FALSE,0,0,0,1
ThaBalla1148/artemis-odb-contrib,TRUE,0,0,0,1
amluto/simple-binary-encoding,TRUE,0,0,0,1
rkraneis/rtree,FALSE,0,0,1,1
jblievremont/sonarqube,TRUE,0,0,0,1
smayoorans/netty,TRUE,0,0,0,1
eunmin/Hystrix,TRUE,0,0,0,1
mosoft521/springside4,TRUE,0,0,0,1
whitingjr/batch-rewrite-statements-perf,FALSE,0,0,1,1
whitingjr/pgjdbc,TRUE,0,0,0,1
Maccimo/commons-bcel,TRUE,0,0,0,1
ivansenic/inspectIT,TRUE,0,0,2,1
broblin/java-8-lambdas-exercises,TRUE,0,0,0,1
Infeligo/jgrapht,TRUE,0,0,0,1
msteindorfer/criterion,FALSE,0,0,0,1
nesteant/java-tests,FALSE,0,0,0,1
chhh/javolution,TRUE,0,0,0,1
jpaw/jpaw8,FALSE,0,0,0,1
headuck/lmdbjni,TRUE,0,0,0,1
jpaw/jdp,FALSE,0,0,0,1
dmitryleskov/algs4bench,FALSE,0,0,0,1
lukehutch/netty,TRUE,0,0,0,1
yshahun/probabilistic-util,FALSE,0,0,0,1
andrepnh/data-structure-fun,FALSE,0,0,0,1
puneetarora2000/fastdtw-1,TRUE,0,0,0,1
Randgalt/dropwizard,TRUE,0,0,0,1
Scottmitch/netty,TRUE,0,0,3,1
Konstantin8105/Triangulation,FALSE,0,0,0,1
bensteinert/chromarenderer-java-benchmarks,FALSE,0,0,0,1
batterseapower/btreemap,FALSE,0,0,0,1
MorganBauer/java-experiments,FALSE,0,0,0,1
yrashk/es4j,TRUE,0,0,0,1
penuel-leo/druid,TRUE,0,0,0,1
keycai/jmh-gradle-plugin,TRUE,0,0,0,1
notsyncing/cowherd,FALSE,0,0,1,1
enisher/polymorphic-calls-benchmark,FALSE,0,0,0,1
rslemos/cobolg,FALSE,0,0,0,1
jmiettinen/jradixheap,FALSE,0,0,0,1
epickrram/benchmark,FALSE,0,0,0,1
svendiedrichsen/eclipselink.runtime,FALSE,0,0,0,1
federicotg/hashing,FALSE,0,0,0,1
psiroky/jmh-java-benchmarks,FALSE,0,0,0,1
smelc/SquidLib,TRUE,0,0,1,1
gjesse/RxJava,TRUE,0,0,0,1
shalinmangar/solr-jmh-tests,FALSE,0,0,0,1
jayjaykim/jmh-sample,FALSE,0,0,2,1
jjYBdx4IL/fannj,TRUE,0,0,0,1
dsavinkov/dropwizard,TRUE,0,0,0,1
phillipross/pgjdbc,TRUE,0,0,0,1
dongfeng2008/Chronicle-Algorithms,TRUE,0,0,0,1
storozhukBM/javaslang-circuitbreaker,TRUE,0,0,0,1
myxyz/protostuff,TRUE,0,0,0,1
rnc/jmh-benchmarks,FALSE,0,0,0,1
nobeh/jmh-forked-main-threads,FALSE,0,0,0,1
pink-lucifer/preresearch,FALSE,0,0,0,1
antag99/artemis-odb-contrib,TRUE,0,0,0,1
louiscryan/grpc-java,TRUE,0,0,2,1
stagraqubole/presto,TRUE,0,0,0,1
fengshao0907/grpc-java,TRUE,0,0,0,0
fengshao0907/slice,TRUE,0,0,0,0
loganj/RxJava,TRUE,0,0,0,0
Bertk/sonarqube,TRUE,0,0,0,0
atomfrede/logw,TRUE,0,0,0,0
jacek-lewandowski/jmh-jl,FALSE,0,0,0,0
mshuler/cassandra,TRUE,0,0,0,0
shahankhatch/aurora,TRUE,0,0,0,0
zapov/pgjdbc,TRUE,0,0,0,0
stealthcode/RxJava,TRUE,0,0,0,0
mike-tr-adamson/cassandra,TRUE,0,0,0,0
xaeronation/benchmarks,FALSE,0,0,0,0
mike-tr-adamson/incubator-tinkerpop,TRUE,0,0,0,0
gdusbabek/cassandra,TRUE,0,0,0,0
tsouza/elasticsearch,TRUE,0,0,0,0
kevinyien/client_java,TRUE,0,0,0,0
daschl/netty,TRUE,0,0,1,0
Alex-Diez/Java-TDD-Katas,FALSE,0,0,0,0
bowlofstew/Chronicle-Wire,TRUE,0,0,0,0
bdobyns/OpenRQ,TRUE,0,0,0,0
Twister915/Trident,TRUE,0,0,1,0
supriyantomaftuh/marklogic-sesame,TRUE,0,0,0,0
gorkem/js-parser-benchmarks,FALSE,0,0,2,0
pstout/spectator,TRUE,0,0,0,0
supriyantomaftuh/marklogic-jena,TRUE,0,0,0,0
runidle/runidle-testing,FALSE,0,0,0,0
jsirois/pants,TRUE,0,0,0,0
neuro-sys/logging-log4j2,TRUE,0,0,0,0
jacobwil/incubator-pirk,TRUE,0,0,0,0
abesto/zipkin,TRUE,0,0,0,0
dmuino/spectator,TRUE,0,0,0,0
jfallows/nuklei,TRUE,0,0,0,0
kidaa/aurora,TRUE,0,0,0,0
danielmitterdorfer/elasticsearch,TRUE,0,0,1,0
alexismeneses/pgjdbc,TRUE,0,0,1,0
thinker0/aurora,TRUE,0,0,0,0
simonpatrick/stepbystep-java,FALSE,0,0,0,0
joekearney/string-search-bench,FALSE,0,0,0,0
mdhorton/experiments,FALSE,0,0,0,0
rasahner/druid,TRUE,0,0,0,0
cmebarrow/nuklei,TRUE,0,0,0,0
blemale/fuse,FALSE,0,0,0,0
mschenck/aurora,TRUE,0,0,0,0
tempredirect/metrics,TRUE,0,0,0,0
tempredirect/GeoFun,FALSE,0,0,0,0
geoaxis/apollo,TRUE,0,0,0,0
SerCeMan/jmh-spring,FALSE,0,0,0,0
ptkool/presto,TRUE,0,0,0,0
Jiri-Kremser/inventory-benchmark,FALSE,0,0,1,0
azadmanesh/sl-tracer,FALSE,0,0,0,0
